transaction_hash,log_index,market_id,token_id,shares,unique_api_matches,status
0xdac488d50346994facef0ad60e461ffdf7d8dec1dd90a8fc40ca960c86db1cf6,978,906972,110884561568299698460551977852169332756450294345019257864587852438060900499251,1.0989,1,matched_api_row
0xdac488d50346994facef0ad60e461ffdf7d8dec1dd90a8fc40ca960c86db1cf6,980,906972,43657246144121396803720838555832481461017693669899677632500878505194847879265,1.0989,1,matched_api_row
0x81ff6b6bb9f373087b9a11dd99862c6794fe7b7ece2eaea6e72df2ace6cb9196,769,906972,110884561568299698460551977852169332756450294345019257864587852438060900499251,2.17,1,matched_api_row
0x81ff6b6bb9f373087b9a11dd99862c6794fe7b7ece2eaea6e72df2ace6cb9196,783,906972,110884561568299698460551977852169332756450294345019257864587852438060900499251,100,1,matched_api_row
0x81ff6b6bb9f373087b9a11dd99862c6794fe7b7ece2eaea6e72df2ace6cb9196,786,906972,43657246144121396803720838555832481461017693669899677632500878505194847879265,24.66,1,matched_api_row
0x81ff6b6bb9f373087b9a11dd99862c6794fe7b7ece2eaea6e72df2ace6cb9196,800,906972,110884561568299698460551977852169332756450294345019257864587852438060900499251,23.17,1,matched_api_row
0x81ff6b6bb9f373087b9a11dd99862c6794fe7b7ece2eaea6e72df2ace6cb9196,802,906972,43657246144121396803720838555832481461017693669899677632500878505194847879265,150,1,matched_api_row
0x24009c899350c919cb1c99b7a96efdb9ae43ef92eb3f3437997b910347a8db5c,2320,906972,110884561568299698460551977852169332756450294345019257864587852438060900499251,58.55,1,matched_api_row
0x24009c899350c919cb1c99b7a96efdb9ae43ef92eb3f3437997b910347a8db5c,2322,906972,110884561568299698460551977852169332756450294345019257864587852438060900499251,58.55,1,matched_api_row
0x1fba9b0264f6936b9a4507c9f538dd60fae0ccfff3d5d6bb92e16cec2c2e7f8b,807,906972,110884561568299698460551977852169332756450294345019257864587852438060900499251,1000,1,matched_api_row
0x1fba9b0264f6936b9a4507c9f538dd60fae0ccfff3d5d6bb92e16cec2c2e7f8b,809,906972,110884561568299698460551977852169332756450294345019257864587852438060900499251,1000,1,matched_api_row
