log_index,contract_address,topic0,classification,transaction_hash
1776,0x2791bca1f2de4661ed88a30c99a7a9449aa84174,0xddf252ad1be2c89b69c2b068fc378daa952ba7f163c4a11628f55a4df523b3ef,not_decoded,0x7a40cf9a10e9b5a23ab19c57b7d10f99131362c6d55d96027bf22696e7a0fd74
1777,0x2791bca1f2de4661ed88a30c99a7a9449aa84174,0x8c5be1e5ebec7d5bd14f71427d1e84f3dd0314c0f7b2291e5b200ac8c7c3b925,not_decoded,0x7a40cf9a10e9b5a23ab19c57b7d10f99131362c6d55d96027bf22696e7a0fd74
1778,0x2791bca1f2de4661ed88a30c99a7a9449aa84174,0xddf252ad1be2c89b69c2b068fc378daa952ba7f163c4a11628f55a4df523b3ef,not_decoded,0x7a40cf9a10e9b5a23ab19c57b7d10f99131362c6d55d96027bf22696e7a0fd74
1779,0x2791bca1f2de4661ed88a30c99a7a9449aa84174,0x8c5be1e5ebec7d5bd14f71427d1e84f3dd0314c0f7b2291e5b200ac8c7c3b925,not_decoded,0x7a40cf9a10e9b5a23ab19c57b7d10f99131362c6d55d96027bf22696e7a0fd74
1780,0x2791bca1f2de4661ed88a30c99a7a9449aa84174,0xddf252ad1be2c89b69c2b068fc378daa952ba7f163c4a11628f55a4df523b3ef,not_decoded,0x7a40cf9a10e9b5a23ab19c57b7d10f99131362c6d55d96027bf22696e7a0fd74
1781,0x2791bca1f2de4661ed88a30c99a7a9449aa84174,0x8c5be1e5ebec7d5bd14f71427d1e84f3dd0314c0f7b2291e5b200ac8c7c3b925,not_decoded,0x7a40cf9a10e9b5a23ab19c57b7d10f99131362c6d55d96027bf22696e7a0fd74
1782,0x2791bca1f2de4661ed88a30c99a7a9449aa84174,0xddf252ad1be2c89b69c2b068fc378daa952ba7f163c4a11628f55a4df523b3ef,not_decoded,0x7a40cf9a10e9b5a23ab19c57b7d10f99131362c6d55d96027bf22696e7a0fd74
1783,0x2791bca1f2de4661ed88a30c99a7a9449aa84174,0x8c5be1e5ebec7d5bd14f71427d1e84f3dd0314c0f7b2291e5b200ac8c7c3b925,not_decoded,0x7a40cf9a10e9b5a23ab19c57b7d10f99131362c6d55d96027bf22696e7a0fd74
1784,0x3a3bd7bb9528e159577f7c2e685cc81a765002e2,0xddf252ad1be2c89b69c2b068fc378daa952ba7f163c4a11628f55a4df523b3ef,not_decoded,0x7a40cf9a10e9b5a23ab19c57b7d10f99131362c6d55d96027bf22696e7a0fd74
1785,0x3a3bd7bb9528e159577f7c2e685cc81a765002e2,0xddf252ad1be2c89b69c2b068fc378daa952ba7f163c4a11628f55a4df523b3ef,not_decoded,0x7a40cf9a10e9b5a23ab19c57b7d10f99131362c6d55d96027bf22696e7a0fd74
1786,0x4d97dcd97ec945f40cf65f87097ace5ea0476045,0x4a39dc06d4c0dbc64b70af90fd698a233a518aa5d07e595d983b8c0526c8f7fb,not_decoded,0x7a40cf9a10e9b5a23ab19c57b7d10f99131362c6d55d96027bf22696e7a0fd74
1787,0x4d97dcd97ec945f40cf65f87097ace5ea0476045,0x2e6bb91f8cbcda0c93623c54d0403a43514fabc40084ec96b6d5379a74786298,not_decoded,0x7a40cf9a10e9b5a23ab19c57b7d10f99131362c6d55d96027bf22696e7a0fd74
1788,0x4d97dcd97ec945f40cf65f87097ace5ea0476045,0x4a39dc06d4c0dbc64b70af90fd698a233a518aa5d07e595d983b8c0526c8f7fb,not_decoded,0x7a40cf9a10e9b5a23ab19c57b7d10f99131362c6d55d96027bf22696e7a0fd74
1789,0xd91e80cf2e7be2e162c6513ced06f1dd0da35296,0xbbed930dbfb7907ae2d60ddf78345610214f26419a0128df39b6cc3d9e5df9b0,not_decoded,0x7a40cf9a10e9b5a23ab19c57b7d10f99131362c6d55d96027bf22696e7a0fd74
1790,0x4d97dcd97ec945f40cf65f87097ace5ea0476045,0xc3d58168c5ae7397731d063d5bbf3d657854427343f4c083240f7aacaa2d0f62,not_decoded,0x7a40cf9a10e9b5a23ab19c57b7d10f99131362c6d55d96027bf22696e7a0fd74
1791,0xc5d563a36ae78145c45a50134d48a1215220f80a,0xd0a08e8c493f9c94f29311604c9de1b4e8c8d4c06bd0c789af57f2d65bfec0f6,OrderFilled_decoded,0x7a40cf9a10e9b5a23ab19c57b7d10f99131362c6d55d96027bf22696e7a0fd74
1792,0x4d97dcd97ec945f40cf65f87097ace5ea0476045,0xc3d58168c5ae7397731d063d5bbf3d657854427343f4c083240f7aacaa2d0f62,not_decoded,0x7a40cf9a10e9b5a23ab19c57b7d10f99131362c6d55d96027bf22696e7a0fd74
1793,0xc5d563a36ae78145c45a50134d48a1215220f80a,0xd0a08e8c493f9c94f29311604c9de1b4e8c8d4c06bd0c789af57f2d65bfec0f6,OrderFilled_decoded,0x7a40cf9a10e9b5a23ab19c57b7d10f99131362c6d55d96027bf22696e7a0fd74
1794,0xc5d563a36ae78145c45a50134d48a1215220f80a,0x63bf4d16b7fa898ef4c4b2b6d90fd201e9c56313b65638af6088d149d2ce956c,OrdersMatched_summary_not_extra_trade,0x7a40cf9a10e9b5a23ab19c57b7d10f99131362c6d55d96027bf22696e7a0fd74
1795,0x0000000000000000000000000000000000001010,0x4dfe1bbbcf077ddc3e01291eea2d5c70c2b422b415d95645b9adcfd678cb1d63,not_decoded,0x7a40cf9a10e9b5a23ab19c57b7d10f99131362c6d55d96027bf22696e7a0fd74
532,0x4d97dcd97ec945f40cf65f87097ace5ea0476045,0xc3d58168c5ae7397731d063d5bbf3d657854427343f4c083240f7aacaa2d0f62,not_decoded,0x8b220e1fd1f62c7efbbee1288c24d1978ec770b53c6355681e900c505737cbf8
533,0x2791bca1f2de4661ed88a30c99a7a9449aa84174,0xddf252ad1be2c89b69c2b068fc378daa952ba7f163c4a11628f55a4df523b3ef,not_decoded,0x8b220e1fd1f62c7efbbee1288c24d1978ec770b53c6355681e900c505737cbf8
534,0x2791bca1f2de4661ed88a30c99a7a9449aa84174,0x8c5be1e5ebec7d5bd14f71427d1e84f3dd0314c0f7b2291e5b200ac8c7c3b925,not_decoded,0x8b220e1fd1f62c7efbbee1288c24d1978ec770b53c6355681e900c505737cbf8
535,0x4d97dcd97ec945f40cf65f87097ace5ea0476045,0xc3d58168c5ae7397731d063d5bbf3d657854427343f4c083240f7aacaa2d0f62,not_decoded,0x8b220e1fd1f62c7efbbee1288c24d1978ec770b53c6355681e900c505737cbf8
536,0xc5d563a36ae78145c45a50134d48a1215220f80a,0xd0a08e8c493f9c94f29311604c9de1b4e8c8d4c06bd0c789af57f2d65bfec0f6,OrderFilled_decoded,0x8b220e1fd1f62c7efbbee1288c24d1978ec770b53c6355681e900c505737cbf8
537,0x2791bca1f2de4661ed88a30c99a7a9449aa84174,0xddf252ad1be2c89b69c2b068fc378daa952ba7f163c4a11628f55a4df523b3ef,not_decoded,0x8b220e1fd1f62c7efbbee1288c24d1978ec770b53c6355681e900c505737cbf8
538,0xc5d563a36ae78145c45a50134d48a1215220f80a,0xd0a08e8c493f9c94f29311604c9de1b4e8c8d4c06bd0c789af57f2d65bfec0f6,OrderFilled_decoded,0x8b220e1fd1f62c7efbbee1288c24d1978ec770b53c6355681e900c505737cbf8
539,0xc5d563a36ae78145c45a50134d48a1215220f80a,0x63bf4d16b7fa898ef4c4b2b6d90fd201e9c56313b65638af6088d149d2ce956c,OrdersMatched_summary_not_extra_trade,0x8b220e1fd1f62c7efbbee1288c24d1978ec770b53c6355681e900c505737cbf8
540,0x0000000000000000000000000000000000001010,0x4dfe1bbbcf077ddc3e01291eea2d5c70c2b422b415d95645b9adcfd678cb1d63,not_decoded,0x8b220e1fd1f62c7efbbee1288c24d1978ec770b53c6355681e900c505737cbf8
1090,0x2791bca1f2de4661ed88a30c99a7a9449aa84174,0xddf252ad1be2c89b69c2b068fc378daa952ba7f163c4a11628f55a4df523b3ef,not_decoded,0xf2de5c781fe3f72e19faf2913b1825638604b5abc63252c06427583e8176b7b4
1091,0x2791bca1f2de4661ed88a30c99a7a9449aa84174,0x8c5be1e5ebec7d5bd14f71427d1e84f3dd0314c0f7b2291e5b200ac8c7c3b925,not_decoded,0xf2de5c781fe3f72e19faf2913b1825638604b5abc63252c06427583e8176b7b4
1092,0x2791bca1f2de4661ed88a30c99a7a9449aa84174,0xddf252ad1be2c89b69c2b068fc378daa952ba7f163c4a11628f55a4df523b3ef,not_decoded,0xf2de5c781fe3f72e19faf2913b1825638604b5abc63252c06427583e8176b7b4
1093,0x2791bca1f2de4661ed88a30c99a7a9449aa84174,0x8c5be1e5ebec7d5bd14f71427d1e84f3dd0314c0f7b2291e5b200ac8c7c3b925,not_decoded,0xf2de5c781fe3f72e19faf2913b1825638604b5abc63252c06427583e8176b7b4
1094,0x2791bca1f2de4661ed88a30c99a7a9449aa84174,0xddf252ad1be2c89b69c2b068fc378daa952ba7f163c4a11628f55a4df523b3ef,not_decoded,0xf2de5c781fe3f72e19faf2913b1825638604b5abc63252c06427583e8176b7b4
1095,0x2791bca1f2de4661ed88a30c99a7a9449aa84174,0x8c5be1e5ebec7d5bd14f71427d1e84f3dd0314c0f7b2291e5b200ac8c7c3b925,not_decoded,0xf2de5c781fe3f72e19faf2913b1825638604b5abc63252c06427583e8176b7b4
1096,0x2791bca1f2de4661ed88a30c99a7a9449aa84174,0xddf252ad1be2c89b69c2b068fc378daa952ba7f163c4a11628f55a4df523b3ef,not_decoded,0xf2de5c781fe3f72e19faf2913b1825638604b5abc63252c06427583e8176b7b4
1097,0x2791bca1f2de4661ed88a30c99a7a9449aa84174,0x8c5be1e5ebec7d5bd14f71427d1e84f3dd0314c0f7b2291e5b200ac8c7c3b925,not_decoded,0xf2de5c781fe3f72e19faf2913b1825638604b5abc63252c06427583e8176b7b4
1098,0x3a3bd7bb9528e159577f7c2e685cc81a765002e2,0xddf252ad1be2c89b69c2b068fc378daa952ba7f163c4a11628f55a4df523b3ef,not_decoded,0xf2de5c781fe3f72e19faf2913b1825638604b5abc63252c06427583e8176b7b4
1099,0x3a3bd7bb9528e159577f7c2e685cc81a765002e2,0xddf252ad1be2c89b69c2b068fc378daa952ba7f163c4a11628f55a4df523b3ef,not_decoded,0xf2de5c781fe3f72e19faf2913b1825638604b5abc63252c06427583e8176b7b4
1100,0x4d97dcd97ec945f40cf65f87097ace5ea0476045,0x4a39dc06d4c0dbc64b70af90fd698a233a518aa5d07e595d983b8c0526c8f7fb,not_decoded,0xf2de5c781fe3f72e19faf2913b1825638604b5abc63252c06427583e8176b7b4
1101,0x4d97dcd97ec945f40cf65f87097ace5ea0476045,0x2e6bb91f8cbcda0c93623c54d0403a43514fabc40084ec96b6d5379a74786298,not_decoded,0xf2de5c781fe3f72e19faf2913b1825638604b5abc63252c06427583e8176b7b4
1102,0x4d97dcd97ec945f40cf65f87097ace5ea0476045,0x4a39dc06d4c0dbc64b70af90fd698a233a518aa5d07e595d983b8c0526c8f7fb,not_decoded,0xf2de5c781fe3f72e19faf2913b1825638604b5abc63252c06427583e8176b7b4
1103,0xd91e80cf2e7be2e162c6513ced06f1dd0da35296,0xbbed930dbfb7907ae2d60ddf78345610214f26419a0128df39b6cc3d9e5df9b0,not_decoded,0xf2de5c781fe3f72e19faf2913b1825638604b5abc63252c06427583e8176b7b4
1104,0x4d97dcd97ec945f40cf65f87097ace5ea0476045,0xc3d58168c5ae7397731d063d5bbf3d657854427343f4c083240f7aacaa2d0f62,not_decoded,0xf2de5c781fe3f72e19faf2913b1825638604b5abc63252c06427583e8176b7b4
1105,0xc5d563a36ae78145c45a50134d48a1215220f80a,0xd0a08e8c493f9c94f29311604c9de1b4e8c8d4c06bd0c789af57f2d65bfec0f6,OrderFilled_decoded,0xf2de5c781fe3f72e19faf2913b1825638604b5abc63252c06427583e8176b7b4
1106,0x4d97dcd97ec945f40cf65f87097ace5ea0476045,0xc3d58168c5ae7397731d063d5bbf3d657854427343f4c083240f7aacaa2d0f62,not_decoded,0xf2de5c781fe3f72e19faf2913b1825638604b5abc63252c06427583e8176b7b4
1107,0xc5d563a36ae78145c45a50134d48a1215220f80a,0xd0a08e8c493f9c94f29311604c9de1b4e8c8d4c06bd0c789af57f2d65bfec0f6,OrderFilled_decoded,0xf2de5c781fe3f72e19faf2913b1825638604b5abc63252c06427583e8176b7b4
1108,0xc5d563a36ae78145c45a50134d48a1215220f80a,0x63bf4d16b7fa898ef4c4b2b6d90fd201e9c56313b65638af6088d149d2ce956c,OrdersMatched_summary_not_extra_trade,0xf2de5c781fe3f72e19faf2913b1825638604b5abc63252c06427583e8176b7b4
1109,0x0000000000000000000000000000000000001010,0x4dfe1bbbcf077ddc3e01291eea2d5c70c2b422b415d95645b9adcfd678cb1d63,not_decoded,0xf2de5c781fe3f72e19faf2913b1825638604b5abc63252c06427583e8176b7b4
1455,0x4d97dcd97ec945f40cf65f87097ace5ea0476045,0xc3d58168c5ae7397731d063d5bbf3d657854427343f4c083240f7aacaa2d0f62,not_decoded,0xfb424b09fba3fcfb00e0b117eeac02ada7910d9509cae0c94eb8e97f4a621c3d
1456,0x4d97dcd97ec945f40cf65f87097ace5ea0476045,0xc3d58168c5ae7397731d063d5bbf3d657854427343f4c083240f7aacaa2d0f62,not_decoded,0xfb424b09fba3fcfb00e0b117eeac02ada7910d9509cae0c94eb8e97f4a621c3d
1457,0x4d97dcd97ec945f40cf65f87097ace5ea0476045,0x4a39dc06d4c0dbc64b70af90fd698a233a518aa5d07e595d983b8c0526c8f7fb,not_decoded,0xfb424b09fba3fcfb00e0b117eeac02ada7910d9509cae0c94eb8e97f4a621c3d
1458,0x4d97dcd97ec945f40cf65f87097ace5ea0476045,0x4a39dc06d4c0dbc64b70af90fd698a233a518aa5d07e595d983b8c0526c8f7fb,not_decoded,0xfb424b09fba3fcfb00e0b117eeac02ada7910d9509cae0c94eb8e97f4a621c3d
1459,0x4d97dcd97ec945f40cf65f87097ace5ea0476045,0x4a39dc06d4c0dbc64b70af90fd698a233a518aa5d07e595d983b8c0526c8f7fb,not_decoded,0xfb424b09fba3fcfb00e0b117eeac02ada7910d9509cae0c94eb8e97f4a621c3d
1460,0x3a3bd7bb9528e159577f7c2e685cc81a765002e2,0xddf252ad1be2c89b69c2b068fc378daa952ba7f163c4a11628f55a4df523b3ef,not_decoded,0xfb424b09fba3fcfb00e0b117eeac02ada7910d9509cae0c94eb8e97f4a621c3d
1461,0x4d97dcd97ec945f40cf65f87097ace5ea0476045,0x6f13ca62553fcc2bcd2372180a43949c1e4cebba603901ede2f4e14f36b282ca,not_decoded,0xfb424b09fba3fcfb00e0b117eeac02ada7910d9509cae0c94eb8e97f4a621c3d
1462,0x3a3bd7bb9528e159577f7c2e685cc81a765002e2,0xddf252ad1be2c89b69c2b068fc378daa952ba7f163c4a11628f55a4df523b3ef,not_decoded,0xfb424b09fba3fcfb00e0b117eeac02ada7910d9509cae0c94eb8e97f4a621c3d
1463,0x2791bca1f2de4661ed88a30c99a7a9449aa84174,0xddf252ad1be2c89b69c2b068fc378daa952ba7f163c4a11628f55a4df523b3ef,not_decoded,0xfb424b09fba3fcfb00e0b117eeac02ada7910d9509cae0c94eb8e97f4a621c3d
1464,0xd91e80cf2e7be2e162c6513ced06f1dd0da35296,0xba33ac50d8894676597e6e35dc09cff59854708b642cd069d21eb9c7ca072a04,not_decoded,0xfb424b09fba3fcfb00e0b117eeac02ada7910d9509cae0c94eb8e97f4a621c3d
1465,0x2791bca1f2de4661ed88a30c99a7a9449aa84174,0xddf252ad1be2c89b69c2b068fc378daa952ba7f163c4a11628f55a4df523b3ef,not_decoded,0xfb424b09fba3fcfb00e0b117eeac02ada7910d9509cae0c94eb8e97f4a621c3d
1466,0xc011a7e12a19f7b1f670d46f03b03f3342e82dfb,0xddf252ad1be2c89b69c2b068fc378daa952ba7f163c4a11628f55a4df523b3ef,not_decoded,0xfb424b09fba3fcfb00e0b117eeac02ada7910d9509cae0c94eb8e97f4a621c3d
1467,0x2791bca1f2de4661ed88a30c99a7a9449aa84174,0xddf252ad1be2c89b69c2b068fc378daa952ba7f163c4a11628f55a4df523b3ef,not_decoded,0xfb424b09fba3fcfb00e0b117eeac02ada7910d9509cae0c94eb8e97f4a621c3d
1468,0xc011a7e12a19f7b1f670d46f03b03f3342e82dfb,0xc00a5c84859ae82a7f5e6a2773283fb525335d5b3195f61174aa1ecc7e15dd84,not_decoded,0xfb424b09fba3fcfb00e0b117eeac02ada7910d9509cae0c94eb8e97f4a621c3d
1469,0xc011a7e12a19f7b1f670d46f03b03f3342e82dfb,0xddf252ad1be2c89b69c2b068fc378daa952ba7f163c4a11628f55a4df523b3ef,not_decoded,0xfb424b09fba3fcfb00e0b117eeac02ada7910d9509cae0c94eb8e97f4a621c3d
1470,0xe2222d279d744050d28e00520010520000310f59,0xd543adfd945773f1a62f74f0ee55a5e3b9b1a28262980ba90b1a89f2ea84d8ee,OrderFilled_decoded,0xfb424b09fba3fcfb00e0b117eeac02ada7910d9509cae0c94eb8e97f4a621c3d
1471,0xc011a7e12a19f7b1f670d46f03b03f3342e82dfb,0xddf252ad1be2c89b69c2b068fc378daa952ba7f163c4a11628f55a4df523b3ef,not_decoded,0xfb424b09fba3fcfb00e0b117eeac02ada7910d9509cae0c94eb8e97f4a621c3d
1472,0xe2222d279d744050d28e00520010520000310f59,0x55bb3cade9d43b798a4fe5ffdd05024b2d7870df53920673bfc7e68047cd0ab1,not_decoded,0xfb424b09fba3fcfb00e0b117eeac02ada7910d9509cae0c94eb8e97f4a621c3d
1473,0xe2222d279d744050d28e00520010520000310f59,0xd543adfd945773f1a62f74f0ee55a5e3b9b1a28262980ba90b1a89f2ea84d8ee,OrderFilled_decoded,0xfb424b09fba3fcfb00e0b117eeac02ada7910d9509cae0c94eb8e97f4a621c3d
1474,0xe2222d279d744050d28e00520010520000310f59,0x174b3811690657c217184f89418266767c87e4805d09680c39fc9c031c0cab7c,OrdersMatched_summary_not_extra_trade,0xfb424b09fba3fcfb00e0b117eeac02ada7910d9509cae0c94eb8e97f4a621c3d
1475,0xc011a7e12a19f7b1f670d46f03b03f3342e82dfb,0xddf252ad1be2c89b69c2b068fc378daa952ba7f163c4a11628f55a4df523b3ef,not_decoded,0xfb424b09fba3fcfb00e0b117eeac02ada7910d9509cae0c94eb8e97f4a621c3d
1476,0x0000000000000000000000000000000000001010,0x4dfe1bbbcf077ddc3e01291eea2d5c70c2b422b415d95645b9adcfd678cb1d63,not_decoded,0xfb424b09fba3fcfb00e0b117eeac02ada7910d9509cae0c94eb8e97f4a621c3d
