candidate_number,selection_group,group_rank,wallet_address,event_id,selection_cutoff_utc,first_trade_utc,last_trade_utc,participant_rows,unique_transactions,active_days,gross_participant_notional_usd,duplicate_candidate_rows,duplicate_candidate_fraction,chain_matched_rows,chain_not_checked_rows,chain_issue_rows,max_rows_in_one_day,markets_traded,market_ids,rate_outcomes,two_sided_markets,eligible,eligibility_notes,selection_reason,wallet_explorer_url
1,broad_outcome_participation,1,0x1e9851cf9c439811937fc19c0a144c8a9fd06345,101772,2026-05-31T00:00:00+00:00,2026-01-28T14:06:17+00:00,2026-05-30T23:46:26+00:00,1472,1437,111,2777.6240859798558642,0,0,0,1472,0,53,5,906972;906973;906974;906975;906976,50+ bps decrease;25 bps decrease;No change;25 bps increase;50+ bps increase,5,True,passes_exploratory_activity_filters,"3+ markets; ranked by markets, active days, transactions",https://polygonscan.com/address/0x1e9851cf9c439811937fc19c0a144c8a9fd06345
2,broad_outcome_participation,2,0xec829edacf53dad6fdfb89f752ca7b8004a26eaa,101772,2026-05-31T00:00:00+00:00,2026-01-22T03:13:02+00:00,2026-05-30T23:46:26+00:00,1425,1403,109,2950.0108720005198508,0,0,0,1425,0,43,5,906972;906973;906974;906975;906976,50+ bps decrease;25 bps decrease;No change;25 bps increase;50+ bps increase,5,True,passes_exploratory_activity_filters,"3+ markets; ranked by markets, active days, transactions",https://polygonscan.com/address/0xec829edacf53dad6fdfb89f752ca7b8004a26eaa
3,broad_outcome_participation,3,0xe8dd7741ccb12350957ec71e9ee332e0d1e6ec86,101772,2026-05-31T00:00:00+00:00,2025-12-11T08:03:11+00:00,2026-05-28T07:09:10+00:00,6619,6076,96,1488482.8091483127146696,35,0.005287807825955582414261973108,3,6616,0,558,5,906972;906973;906974;906975;906976,50+ bps decrease;25 bps decrease;No change;25 bps increase;50+ bps increase,0,True,passes_exploratory_activity_filters,"3+ markets; ranked by markets, active days, transactions",https://polygonscan.com/address/0xe8dd7741ccb12350957ec71e9ee332e0d1e6ec86
4,broad_outcome_participation,4,0x60fd421fb445029d7c8ce20a6a86e0bb364589a9,101772,2026-05-31T00:00:00+00:00,2026-02-20T06:07:32+00:00,2026-05-30T21:07:07+00:00,1742,1686,91,4885.5150389755792379,8,0.004592422502870264064293915040,0,1742,0,88,5,906972;906973;906974;906975;906976,50+ bps decrease;25 bps decrease;No change;25 bps increase;50+ bps increase,5,True,passes_exploratory_activity_filters,"3+ markets; ranked by markets, active days, transactions",https://polygonscan.com/address/0x60fd421fb445029d7c8ce20a6a86e0bb364589a9
5,broad_outcome_participation,5,0x6c3789734ebd5c9494932e4936b7cc20cfdcd40f,101772,2026-05-31T00:00:00+00:00,2026-02-15T09:46:23+00:00,2026-05-30T20:50:46+00:00,721,717,90,1220.2016850028516811,0,0,0,721,0,24,5,906972;906973;906974;906975;906976,50+ bps decrease;25 bps decrease;No change;25 bps increase;50+ bps increase,5,True,passes_exploratory_activity_filters,"3+ markets; ranked by markets, active days, transactions",https://polygonscan.com/address/0x6c3789734ebd5c9494932e4936b7cc20cfdcd40f
6,broad_outcome_participation,6,0x21ffd2b7a212a6f277ed3eca1a9f8efcbca90d71,101772,2026-05-31T00:00:00+00:00,2026-01-30T00:27:36+00:00,2026-05-30T02:45:23+00:00,1029,974,86,100709.3765230650075628,0,0,0,1029,0,49,5,906972;906973;906974;906975;906976,50+ bps decrease;25 bps decrease;No change;25 bps increase;50+ bps increase,5,True,passes_exploratory_activity_filters,"3+ markets; ranked by markets, active days, transactions",https://polygonscan.com/address/0x21ffd2b7a212a6f277ed3eca1a9f8efcbca90d71
7,broad_outcome_participation,7,0xbc54e69667ceb6ccec538e5a0ba1927fc1fe680f,101772,2026-05-31T00:00:00+00:00,2026-01-31T15:16:38+00:00,2026-05-30T06:28:29+00:00,992,961,85,13061.7172478668272907,0,0,0,992,0,64,5,906972;906973;906974;906975;906976,50+ bps decrease;25 bps decrease;No change;25 bps increase;50+ bps increase,5,True,passes_exploratory_activity_filters,"3+ markets; ranked by markets, active days, transactions",https://polygonscan.com/address/0xbc54e69667ceb6ccec538e5a0ba1927fc1fe680f
8,broad_outcome_participation,8,0xd32ce89f16509d3c8f8b5e9750305a5b2bc2a4c2,101772,2026-05-31T00:00:00+00:00,2026-02-18T10:58:44+00:00,2026-05-29T01:25:39+00:00,3397,3396,82,74530.0785769974806778,0,0,0,3397,0,265,5,906972;906973;906974;906975;906976,50+ bps decrease;25 bps decrease;No change;25 bps increase;50+ bps increase,3,True,passes_exploratory_activity_filters,"3+ markets; ranked by markets, active days, transactions",https://polygonscan.com/address/0xd32ce89f16509d3c8f8b5e9750305a5b2bc2a4c2
9,broad_outcome_participation,9,0xa3ad70cf48a2f2b44163e798223c01a2c2536866,101772,2026-05-31T00:00:00+00:00,2026-01-31T12:34:36+00:00,2026-04-27T20:39:48+00:00,3079,3021,79,269982.9277580641084932,42,0.01364079246508606690483923352,0,3079,0,239,5,906972;906973;906974;906975;906976,50+ bps decrease;25 bps decrease;No change;25 bps increase;50+ bps increase,0,True,passes_exploratory_activity_filters,"3+ markets; ranked by markets, active days, transactions",https://polygonscan.com/address/0xa3ad70cf48a2f2b44163e798223c01a2c2536866
10,broad_outcome_participation,10,0x7ac42386d934093f2fc7aa2f52fc0da59c434f44,101772,2026-05-31T00:00:00+00:00,2026-03-01T23:13:21+00:00,2026-05-30T20:50:46+00:00,618,611,78,804.7452009946840346,4,0.006472491909385113268608414239,0,618,0,30,5,906972;906973;906974;906975;906976,50+ bps decrease;25 bps decrease;No change;25 bps increase;50+ bps increase,5,True,passes_exploratory_activity_filters,"3+ markets; ranked by markets, active days, transactions",https://polygonscan.com/address/0x7ac42386d934093f2fc7aa2f52fc0da59c434f44
11,focused_outcome_participation,1,0xd4b5cdba4d836300751f0881b5ff3174ddcbfd07,101772,2026-05-31T00:00:00+00:00,2026-04-17T23:39:10+00:00,2026-05-30T06:40:26+00:00,480,456,38,1621.5152379999997328,0,0,0,480,0,62,1,906974,No change,1,True,passes_exploratory_activity_filters,"1-2 markets; ranked by active days, transactions",https://polygonscan.com/address/0xd4b5cdba4d836300751f0881b5ff3174ddcbfd07
12,focused_outcome_participation,2,0xa8b7f8b34185e9cc62c471e1d353595148a3ee3c,101772,2026-05-31T00:00:00+00:00,2026-03-28T00:45:41+00:00,2026-05-30T21:09:38+00:00,266,246,36,7357.1271870205450685,12,0.04511278195488721804511278195,0,266,0,24,2,906973;906974,25 bps decrease;No change,2,True,passes_exploratory_activity_filters,"1-2 markets; ranked by active days, transactions",https://polygonscan.com/address/0xa8b7f8b34185e9cc62c471e1d353595148a3ee3c
13,focused_outcome_participation,3,0xde242261bcd8d4320113f12230da34d705ca25a8,101772,2026-05-31T00:00:00+00:00,2026-04-15T12:57:42+00:00,2026-05-30T14:36:05+00:00,180,180,36,1007.2140352711909926,0,0,0,180,0,39,2,906972;906973,50+ bps decrease;25 bps decrease,2,True,passes_exploratory_activity_filters,"1-2 markets; ranked by active days, transactions",https://polygonscan.com/address/0xde242261bcd8d4320113f12230da34d705ca25a8
14,focused_outcome_participation,4,0x4bac379da2f29d87c01ff737843e396a2cec02b1,101772,2026-05-31T00:00:00+00:00,2026-03-15T16:42:37+00:00,2026-04-23T13:26:58+00:00,3847,3836,34,7139.9008194476180305,0,0,1,3846,0,389,1,906976,50+ bps increase,1,True,passes_exploratory_activity_filters,"1-2 markets; ranked by active days, transactions",https://polygonscan.com/address/0x4bac379da2f29d87c01ff737843e396a2cec02b1
15,focused_outcome_participation,5,0xc124bd6e5d91489b66c987dfa72bcd8de37a25cb,101772,2026-05-31T00:00:00+00:00,2026-02-10T18:04:29+00:00,2026-04-25T20:11:30+00:00,171,171,34,7894.8627840558583918,0,0,0,171,0,54,2,906973;906974,25 bps decrease;No change,2,True,passes_exploratory_activity_filters,"1-2 markets; ranked by active days, transactions",https://polygonscan.com/address/0xc124bd6e5d91489b66c987dfa72bcd8de37a25cb
16,focused_outcome_participation,6,0xa3af760e15e6b6bd3c43d8cf2ae6952f0a9bb7a6,101772,2026-05-31T00:00:00+00:00,2026-03-19T01:05:43+00:00,2026-05-30T18:08:20+00:00,228,228,27,4075.4669199999834151,0,0,0,228,0,28,2,906972;906974,50+ bps decrease;No change,1,True,passes_exploratory_activity_filters,"1-2 markets; ranked by active days, transactions",https://polygonscan.com/address/0xa3af760e15e6b6bd3c43d8cf2ae6952f0a9bb7a6
17,focused_outcome_participation,7,0xb661ed6e6d3f76f1db9d0a6acf80b4bbe6ebaa83,101772,2026-05-31T00:00:00+00:00,2026-02-04T12:07:06+00:00,2026-04-29T15:26:08+00:00,304,304,26,162219.1467370076286205,0,0,0,304,0,105,2,906973;906974,25 bps decrease;No change,2,True,passes_exploratory_activity_filters,"1-2 markets; ranked by active days, transactions",https://polygonscan.com/address/0xb661ed6e6d3f76f1db9d0a6acf80b4bbe6ebaa83
18,focused_outcome_participation,8,0x80302a5a0f7806838ea65b39d91071e63cb67b74,101772,2026-05-31T00:00:00+00:00,2026-02-10T13:35:45+00:00,2026-03-31T01:26:27+00:00,97,96,26,161.8545989910577924,0,0,0,97,0,15,2,906975;906976,25 bps increase;50+ bps increase,2,True,passes_exploratory_activity_filters,"1-2 markets; ranked by active days, transactions",https://polygonscan.com/address/0x80302a5a0f7806838ea65b39d91071e63cb67b74
19,focused_outcome_participation,9,0x095dcfb123a4bc035ee6b0d624bab0cc964352cf,101772,2026-05-31T00:00:00+00:00,2026-05-05T15:51:50+00:00,2026-05-30T00:14:48+00:00,335,335,25,5702.60000,0,0,0,335,0,32,2,906973;906975,25 bps decrease;25 bps increase,0,True,passes_exploratory_activity_filters,"1-2 markets; ranked by active days, transactions",https://polygonscan.com/address/0x095dcfb123a4bc035ee6b0d624bab0cc964352cf
20,focused_outcome_participation,10,0xa815f590e64fa64d417df72c581a32f5ff449cbe,101772,2026-05-31T00:00:00+00:00,2026-03-18T23:31:53+00:00,2026-04-28T15:21:04+00:00,200,200,25,1117.5278690237334637,0,0,0,200,0,23,1,906975,25 bps increase,1,True,passes_exploratory_activity_filters,"1-2 markets; ranked by active days, transactions",https://polygonscan.com/address/0xa815f590e64fa64d417df72c581a32f5ff449cbe
