event_id,meeting_month,market_id,rate_outcome,condition_id,wallet_address,first_trade_utc,last_trade_utc,participant_rows,unique_transactions,active_days,gross_participant_notional_usd,duplicate_candidate_rows,duplicate_candidate_fraction,chain_matched_rows,chain_not_checked_rows,chain_issue_rows,max_rows_in_one_day,buy_yes_shares,buy_yes_notional_usd,sell_yes_shares,sell_yes_notional_usd,buy_no_shares,buy_no_notional_usd,sell_no_shares,sell_no_notional_usd,yes_trade_flow_shares,no_trade_flow_shares,trades_both_directions_same_token
101772,2026-06,906973,25 bps decrease,0xdde06286a7b9464d344f410ab0b3d2ebc6469904e72c27fd982f65fdbf78768d,0x095dcfb123a4bc035ee6b0d624bab0cc964352cf,2026-05-06T14:02:14+00:00,2026-05-30T00:14:48+00:00,213,213,22,3699.42000,0,0,0,213,0,21,0,0,0,0,3760.00,3699.42000,0,0,0,3760.00,False
101772,2026-06,906975,25 bps increase,0xa7cb4135c6d9c36da0e343874dd5b455de739c6d1b9f9f5583dd9320aacf5db2,0x095dcfb123a4bc035ee6b0d624bab0cc964352cf,2026-05-05T15:51:50+00:00,2026-05-26T13:10:12+00:00,122,122,19,2003.18000,0,0,0,122,0,20,0,0,0,0,2020.00,2003.18000,0,0,0,2020.00,False
101772,2026-06,906972,50+ bps decrease,0x4e4a7df876b0c04f0b8b29b9073eddfbaf5c787192da825ae7ca1031bc8cfd15,0x1e9851cf9c439811937fc19c0a144c8a9fd06345,2026-02-02T11:42:52+00:00,2026-05-30T05:31:29+00:00,272,262,79,425.9615289935834164,0,0,0,272,0,12,9993.720152,218.8846829941662845,9993.717193,207.0768459994171319,0,0,0,0,0.002959,0,True
101772,2026-06,906973,25 bps decrease,0xdde06286a7b9464d344f410ab0b3d2ebc6469904e72c27fd982f65fdbf78768d,0x1e9851cf9c439811937fc19c0a144c8a9fd06345,2026-03-18T21:52:29+00:00,2026-05-30T23:46:26+00:00,427,421,66,861.9564259952094956,0,0,0,427,0,20,15199.749334,431.4868149970508558,15099.744827,430.4696109981586398,0,0,0,0,100.004507,0,True
101772,2026-06,906974,No change,0xde04b189b3f19eaccda02529a3ea67abfc46bff5c0c8fc42d8a2d0ed7b8f0d41,0x1e9851cf9c439811937fc19c0a144c8a9fd06345,2026-04-01T04:11:47+00:00,2026-05-30T21:07:07+00:00,230,216,45,575.2833130054323186,0,0,0,230,0,30,0,0,0,0,7314.666316,288.5374560021581031,7314.659935,286.7458570032742155,0,0.006381,True
101772,2026-06,906975,25 bps increase,0xa7cb4135c6d9c36da0e343874dd5b455de739c6d1b9f9f5583dd9320aacf5db2,0x1e9851cf9c439811937fc19c0a144c8a9fd06345,2026-02-01T13:55:56+00:00,2026-05-28T21:30:57+00:00,442,437,88,833.1047409870222003,0,0,0,442,0,27,16225.603847,431.2744209980836967,16225.603256,401.8303199889385036,0,0,0,0,0.000591,0,True
101772,2026-06,906976,50+ bps increase,0xb01e70a56199a6d5467f47a2b94e75e7c7218c128c8d0b8beb6dafed2f0d15c2,0x1e9851cf9c439811937fc19c0a144c8a9fd06345,2026-01-28T14:06:17+00:00,2026-05-11T15:57:32+00:00,101,101,46,81.3180769986084333,0,0,0,101,0,8,3821.972658,41.7917989970208508,3721.967474,39.5262780015875825,0,0,0,0,100.005184,0,True
101772,2026-06,906972,50+ bps decrease,0x4e4a7df876b0c04f0b8b29b9073eddfbaf5c787192da825ae7ca1031bc8cfd15,0x21ffd2b7a212a6f277ed3eca1a9f8efcbca90d71,2026-01-30T00:27:36+00:00,2026-05-28T07:05:15+00:00,231,215,24,21386.6809960172841484,0,0,0,231,0,31,4445.208832,34.5782529960241332,2495.26,25.99626,11790.304955,11619.822757018246409,9840.365519,9706.2837260030136062,1949.948832,1949.939436,True
101772,2026-06,906973,25 bps decrease,0xdde06286a7b9464d344f410ab0b3d2ebc6469904e72c27fd982f65fdbf78768d,0x21ffd2b7a212a6f277ed3eca1a9f8efcbca90d71,2026-03-21T03:47:01+00:00,2026-05-30T02:45:23+00:00,400,374,45,51737.8687980143561768,0,0,0,400,0,32,0,0,0,0,26909.828640,25820.0325380202827433,26909.816692,25917.8362599940734335,0,0.011948,True
101772,2026-06,906974,No change,0xde04b189b3f19eaccda02529a3ea67abfc46bff5c0c8fc42d8a2d0ed7b8f0d41,0x21ffd2b7a212a6f277ed3eca1a9f8efcbca90d71,2026-02-28T11:01:27+00:00,2026-04-27T14:06:34+00:00,135,134,29,6931.1406910149020365,0,0,0,135,0,24,3565.256845,3089.0009500142459069,3448.130152,3033.0781930029518477,1652.902445,419.5225489978374819,1535.73111,389.5389989998668,117.126693,117.171335,True
101772,2026-06,906975,25 bps increase,0xa7cb4135c6d9c36da0e343874dd5b455de739c6d1b9f9f5583dd9320aacf5db2,0x21ffd2b7a212a6f277ed3eca1a9f8efcbca90d71,2026-01-31T11:59:16+00:00,2026-05-24T07:22:42+00:00,222,212,44,17644.5838940190067441,0,0,0,222,0,20,542.155777,6.0584020001340878,542.15,8.67285,9061.820975,8817.7676960224931580,9061.820841,8812.0849459963794983,0.005777,0.000134,True
101772,2026-06,906976,50+ bps increase,0xb01e70a56199a6d5467f47a2b94e75e7c7218c128c8d0b8beb6dafed2f0d15c2,0x21ffd2b7a212a6f277ed3eca1a9f8efcbca90d71,2026-02-07T13:06:03+00:00,2026-04-01T07:42:53+00:00,41,39,9,3009.1021439994584570,0,0,0,41,0,10,0,0,0,0,1528.93,1503.11903,1528.892928,1505.9831139994584570,0,0.037072,True
101772,2026-06,906976,50+ bps increase,0xb01e70a56199a6d5467f47a2b94e75e7c7218c128c8d0b8beb6dafed2f0d15c2,0x4bac379da2f29d87c01ff737843e396a2cec02b1,2026-03-15T16:42:37+00:00,2026-04-23T13:26:58+00:00,3847,3836,34,7139.9008194476180305,0,0,1,3846,0,389,586377.651805,3696.3707307095069851,586377.644678,3443.5300887381110454,0,0,0,0,0.007127,0,True
101772,2026-06,906972,50+ bps decrease,0x4e4a7df876b0c04f0b8b29b9073eddfbaf5c787192da825ae7ca1031bc8cfd15,0x60fd421fb445029d7c8ce20a6a86e0bb364589a9,2026-02-20T06:07:32+00:00,2026-05-30T05:31:29+00:00,385,381,70,603.1461889839945172,0,0,0,385,0,43,19173.321227,305.9976440015935144,19173.313642,297.1485449824010028,0,0,0,0,0.007585,0,True
101772,2026-06,906973,25 bps decrease,0xdde06286a7b9464d344f410ab0b3d2ebc6469904e72c27fd982f65fdbf78768d,0x60fd421fb445029d7c8ce20a6a86e0bb364589a9,2026-03-20T13:37:15+00:00,2026-05-30T17:46:26+00:00,475,464,66,1682.8385859836485770,2,0.004210526315789473684210526316,0,475,0,32,27389.361319,839.1115759967792528,27389.359904,843.7270099868693242,0,0,0,0,0.001415,0,True
101772,2026-06,906974,No change,0xde04b189b3f19eaccda02529a3ea67abfc46bff5c0c8fc42d8a2d0ed7b8f0d41,0x60fd421fb445029d7c8ce20a6a86e0bb364589a9,2026-04-01T04:11:47+00:00,2026-05-30T21:07:07+00:00,350,318,46,1207.9977250067540447,4,0.01142857142857142857142857143,0,350,0,25,0,0,0,0,14575.219779,604.0147880007090980,14575.215234,603.9829370060449467,0,0.004545,True
101772,2026-06,906975,25 bps increase,0xa7cb4135c6d9c36da0e343874dd5b455de739c6d1b9f9f5583dd9320aacf5db2,0x60fd421fb445029d7c8ce20a6a86e0bb364589a9,2026-02-20T10:45:14+00:00,2026-05-28T21:30:57+00:00,450,441,80,1297.4182450004821545,2,0.004444444444444444444444444444,0,450,0,23,27022.843240,671.7364089920664110,27022.833284,625.6818360084157435,0,0,0,0,0.009956,0,True
101772,2026-06,906976,50+ bps increase,0xb01e70a56199a6d5467f47a2b94e75e7c7218c128c8d0b8beb6dafed2f0d15c2,0x60fd421fb445029d7c8ce20a6a86e0bb364589a9,2026-02-25T10:22:30+00:00,2026-05-11T15:57:32+00:00,82,82,32,94.1142940006999445,0,0,0,82,0,9,4979.747443,48.6035670007010332,4779.741110,45.5107269999989113,0,0,0,0,200.006333,0,True
101772,2026-06,906972,50+ bps decrease,0x4e4a7df876b0c04f0b8b29b9073eddfbaf5c787192da825ae7ca1031bc8cfd15,0x6c3789734ebd5c9494932e4936b7cc20cfdcd40f,2026-02-20T06:07:32+00:00,2026-05-30T14:59:50+00:00,137,137,54,141.2611920028319295,0,0,0,137,0,9,5687.051999,73.3241960012255244,5687.046160,67.9369960016064051,0,0,0,0,0.005839,0,True
101772,2026-06,906973,25 bps decrease,0xdde06286a7b9464d344f410ab0b3d2ebc6469904e72c27fd982f65fdbf78768d,0x6c3789734ebd5c9494932e4936b7cc20cfdcd40f,2026-04-01T15:01:13+00:00,2026-05-30T14:36:51+00:00,205,203,52,410.3947770011196697,0,0,0,205,0,9,8373.591699,206.8460130009184002,8373.587818,203.5487640002012695,0,0,0,0,0.003881,0,True
101772,2026-06,906974,No change,0xde04b189b3f19eaccda02529a3ea67abfc46bff5c0c8fc42d8a2d0ed7b8f0d41,0x6c3789734ebd5c9494932e4936b7cc20cfdcd40f,2026-04-02T16:03:07+00:00,2026-05-30T20:50:46+00:00,119,118,37,302.3756380012495453,0,0,0,119,0,11,0,0,0,0,3921.866761,152.5658090003608415,3921.857406,149.8098290008887038,0,0.009355,True
101772,2026-06,906975,25 bps increase,0xa7cb4135c6d9c36da0e343874dd5b455de739c6d1b9f9f5583dd9320aacf5db2,0x6c3789734ebd5c9494932e4936b7cc20cfdcd40f,2026-02-15T09:46:23+00:00,2026-05-28T21:30:57+00:00,211,210,67,330.0045139976505366,0,0,0,211,0,12,8715.034761,167.8385389990244508,8715.031728,162.1659749986260858,0,0,0,0,0.003033,0,True
101772,2026-06,906976,50+ bps increase,0xb01e70a56199a6d5467f47a2b94e75e7c7218c128c8d0b8beb6dafed2f0d15c2,0x6c3789734ebd5c9494932e4936b7cc20cfdcd40f,2026-03-01T23:13:19+00:00,2026-05-21T12:31:09+00:00,49,49,27,36.16556400,0,0,0,49,0,4,2055.52175,18.19727400,2055.52,17.96829,0,0,0,0,0.00175,0,True
101772,2026-06,906972,50+ bps decrease,0x4e4a7df876b0c04f0b8b29b9073eddfbaf5c787192da825ae7ca1031bc8cfd15,0x7ac42386d934093f2fc7aa2f52fc0da59c434f44,2026-03-01T23:13:21+00:00,2026-05-30T14:59:50+00:00,133,133,54,132.0104379993199620,0,0,0,133,0,8,4995.375292,67.1233529989420402,4995.371498,64.8870850003779218,0,0,0,0,0.003794,0,True
101772,2026-06,906973,25 bps decrease,0xdde06286a7b9464d344f410ab0b3d2ebc6469904e72c27fd982f65fdbf78768d,0x7ac42386d934093f2fc7aa2f52fc0da59c434f44,2026-03-27T17:44:21+00:00,2026-05-30T14:36:51+00:00,159,154,35,211.0068599936165548,2,0.01257861635220125786163522013,0,159,0,12,5970.091070,107.4848229998878383,5970.087471,103.5220369937287165,0,0,0,0,0.003599,0,True
101772,2026-06,906974,No change,0xde04b189b3f19eaccda02529a3ea67abfc46bff5c0c8fc42d8a2d0ed7b8f0d41,0x7ac42386d934093f2fc7aa2f52fc0da59c434f44,2026-04-13T14:07:45+00:00,2026-05-30T20:50:46+00:00,86,86,21,168.3991270000878561,0,0,0,86,0,12,0,0,0,0,3060.551411,84.4496270000878561,3060.55,83.94950,0,0.001411,True
101772,2026-06,906975,25 bps increase,0xa7cb4135c6d9c36da0e343874dd5b455de739c6d1b9f9f5583dd9320aacf5db2,0x7ac42386d934093f2fc7aa2f52fc0da59c434f44,2026-03-09T02:49:19+00:00,2026-05-25T19:03:11+00:00,191,190,52,255.7708300011790529,0,0,0,191,0,18,6562.905050,131.8838100011790529,6562.90,123.88702,0,0,0,0,0.005050,0,True
101772,2026-06,906976,50+ bps increase,0xb01e70a56199a6d5467f47a2b94e75e7c7218c128c8d0b8beb6dafed2f0d15c2,0x7ac42386d934093f2fc7aa2f52fc0da59c434f44,2026-03-15T19:04:03+00:00,2026-05-21T12:31:09+00:00,49,48,21,37.5579460004806088,2,0.04081632653061224489795918367,0,49,0,5,2103.7127,19.237127,2103.707142,18.3208190004806088,0,0,0,0,0.005558,0,True
101772,2026-06,906975,25 bps increase,0xa7cb4135c6d9c36da0e343874dd5b455de739c6d1b9f9f5583dd9320aacf5db2,0x80302a5a0f7806838ea65b39d91071e63cb67b74,2026-02-15T09:44:57+00:00,2026-03-02T12:58:21+00:00,52,52,15,96.9114850010740913,0,0,0,52,0,15,2929.249636,39.9994460015611727,2929.116179,56.9120389995129186,0,0,0,0,0.133457,0,True
101772,2026-06,906976,50+ bps increase,0xb01e70a56199a6d5467f47a2b94e75e7c7218c128c8d0b8beb6dafed2f0d15c2,0x80302a5a0f7806838ea65b39d91071e63cb67b74,2026-02-10T13:35:45+00:00,2026-03-31T01:26:27+00:00,45,44,11,64.9431139899837011,0,0,0,45,0,9,2338.4379,35.999538,2338.319994,28.9435759899837011,0,0,0,0,0.117906,0,True
101772,2026-06,906972,50+ bps decrease,0x4e4a7df876b0c04f0b8b29b9073eddfbaf5c787192da825ae7ca1031bc8cfd15,0xa3ad70cf48a2f2b44163e798223c01a2c2536866,2026-01-31T12:34:36+00:00,2026-04-27T14:06:34+00:00,624,617,78,66090.8796799634139716,2,0.003205128205128205128205128205,0,624,0,50,0,0,0,0,67531.126079,66090.8796799634139716,0,0,0,67531.126079,False
101772,2026-06,906973,25 bps decrease,0xdde06286a7b9464d344f410ab0b3d2ebc6469904e72c27fd982f65fdbf78768d,0xa3ad70cf48a2f2b44163e798223c01a2c2536866,2026-01-31T12:34:36+00:00,2026-04-27T14:06:34+00:00,672,655,79,56385.1988190169237798,14,0.02083333333333333333333333333,0,672,0,55,0,0,0,0,67530.807109,56385.1988190169237798,0,0,0,67530.807109,False
101772,2026-06,906974,No change,0xde04b189b3f19eaccda02529a3ea67abfc46bff5c0c8fc42d8a2d0ed7b8f0d41,0xa3ad70cf48a2f2b44163e798223c01a2c2536866,2026-01-31T12:34:36+00:00,2026-04-27T20:39:48+00:00,657,631,79,15047.7094820057901282,18,0.02739726027397260273972602740,0,657,0,66,0,0,0,0,67580.102571,15047.7094820057901282,0,0,0,67580.102571,False
101772,2026-06,906975,25 bps increase,0xa7cb4135c6d9c36da0e343874dd5b455de739c6d1b9f9f5583dd9320aacf5db2,0xa3ad70cf48a2f2b44163e798223c01a2c2536866,2026-01-31T12:34:36+00:00,2026-04-27T20:39:48+00:00,575,568,78,65440.6553310691807111,8,0.01391304347826086956521739130,0,575,0,40,0,0,0,0,67582.169766,65440.6553310691807111,0,0,0,67582.169766,False
101772,2026-06,906976,50+ bps increase,0xb01e70a56199a6d5467f47a2b94e75e7c7218c128c8d0b8beb6dafed2f0d15c2,0xa3ad70cf48a2f2b44163e798223c01a2c2536866,2026-01-31T12:34:36+00:00,2026-04-27T20:39:48+00:00,551,550,77,67018.4844460087999025,0,0,0,551,0,28,0,0,0,0,67581.576665,67018.4844460087999025,0,0,0,67581.576665,False
101772,2026-06,906972,50+ bps decrease,0x4e4a7df876b0c04f0b8b29b9073eddfbaf5c787192da825ae7ca1031bc8cfd15,0xa3af760e15e6b6bd3c43d8cf2ae6952f0a9bb7a6,2026-04-26T14:20:32+00:00,2026-04-26T14:20:32+00:00,1,1,1,4.9600,0,0,0,1,0,1,0,0,0,0,5.0,4.9600,0,0,0,5.0,False
101772,2026-06,906974,No change,0xde04b189b3f19eaccda02529a3ea67abfc46bff5c0c8fc42d8a2d0ed7b8f0d41,0xa3af760e15e6b6bd3c43d8cf2ae6952f0a9bb7a6,2026-03-19T01:05:43+00:00,2026-05-30T18:08:20+00:00,227,227,26,4070.5069199999834151,0,0,0,227,0,28,2549.442118,2482.1219199999834151,1633.0,1588.3850,0,0,0,0,916.442118,0,True
101772,2026-06,906975,25 bps increase,0xa7cb4135c6d9c36da0e343874dd5b455de739c6d1b9f9f5583dd9320aacf5db2,0xa815f590e64fa64d417df72c581a32f5ff449cbe,2026-03-18T23:31:53+00:00,2026-04-28T15:21:04+00:00,200,200,25,1117.5278690237334637,0,0,0,200,0,23,17476.749353,573.2900629888890329,17476.743691,544.2378060348444308,0,0,0,0,0.005662,0,True
101772,2026-06,906973,25 bps decrease,0xdde06286a7b9464d344f410ab0b3d2ebc6469904e72c27fd982f65fdbf78768d,0xa8b7f8b34185e9cc62c471e1d353595148a3ee3c,2026-05-01T05:37:48+00:00,2026-05-03T10:26:38+00:00,36,32,3,1882.6860530033493852,2,0.05555555555555555555555555556,0,36,0,14,2400.0,75.2000,2399.996129,73.1998790033920646,900.0,867.6000,899.985641,866.6861739999573206,0.003871,0.014359,True
101772,2026-06,906974,No change,0xde04b189b3f19eaccda02529a3ea67abfc46bff5c0c8fc42d8a2d0ed7b8f0d41,0xa8b7f8b34185e9cc62c471e1d353595148a3ee3c,2026-03-28T00:45:41+00:00,2026-05-30T21:09:38+00:00,230,214,35,5474.4411340171956833,10,0.04347826086956521739130434783,0,230,0,22,1899.988175,1766.0885689973635192,999.997915,959.997998000000640,19197.921156,1427.8294310165435335,18297.923199,1320.5251360032879906,899.990260,899.997957,True
101772,2026-06,906973,25 bps decrease,0xdde06286a7b9464d344f410ab0b3d2ebc6469904e72c27fd982f65fdbf78768d,0xb661ed6e6d3f76f1db9d0a6acf80b4bbe6ebaa83,2026-02-04T18:16:07+00:00,2026-02-22T09:28:00+00:00,3,3,3,791.8273999577216,0,0,0,3,0,1,847.976,433.0275999975456,847.97,358.799799960176,0,0,0,0,0.006,0,True
101772,2026-06,906974,No change,0xde04b189b3f19eaccda02529a3ea67abfc46bff5c0c8fc42d8a2d0ed7b8f0d41,0xb661ed6e6d3f76f1db9d0a6acf80b4bbe6ebaa83,2026-02-04T12:07:06+00:00,2026-04-29T15:26:08+00:00,301,301,25,161427.3193370499070205,0,0,0,301,0,105,95692.643000,78478.9030422502436928,95692.637918,82948.4162947996633277,0,0,0,0,0.005082,0,True
101772,2026-06,906972,50+ bps decrease,0x4e4a7df876b0c04f0b8b29b9073eddfbaf5c787192da825ae7ca1031bc8cfd15,0xbc54e69667ceb6ccec538e5a0ba1927fc1fe680f,2026-01-31T21:06:56+00:00,2026-05-16T07:19:23+00:00,598,582,51,2352.3021819202469204,0,0,0,598,0,64,85066.361604,1059.4157859445059735,85066.358558,1292.8863959757409469,0,0,0,0,0.003046,0,True
101772,2026-06,906973,25 bps decrease,0xdde06286a7b9464d344f410ab0b3d2ebc6469904e72c27fd982f65fdbf78768d,0xbc54e69667ceb6ccec538e5a0ba1927fc1fe680f,2026-03-27T12:17:43+00:00,2026-05-30T06:28:29+00:00,286,277,29,3221.4509379664469308,0,0,0,286,0,46,66799.804530,1290.4902269652319586,66799.803233,1358.2607110012149722,300.0,285.3000,300.0,287.4000,0.001297,0.0,True
101772,2026-06,906974,No change,0xde04b189b3f19eaccda02529a3ea67abfc46bff5c0c8fc42d8a2d0ed7b8f0d41,0xbc54e69667ceb6ccec538e5a0ba1927fc1fe680f,2026-01-31T15:20:56+00:00,2026-03-18T21:13:17+00:00,46,41,18,1511.04482500,0,0,0,46,0,6,0,0,0,0,1833.160625,923.62312500,932.51,587.4217,0,900.650625,True
101772,2026-06,906975,25 bps increase,0xa7cb4135c6d9c36da0e343874dd5b455de739c6d1b9f9f5583dd9320aacf5db2,0xbc54e69667ceb6ccec538e5a0ba1927fc1fe680f,2026-01-31T15:16:38+00:00,2026-04-30T10:16:38+00:00,26,25,12,2531.5731660013183718,0,0,0,26,0,7,196.571,2.162281,196.57,2.55541,1379.982283,1296.9835350013183718,1297.25,1229.87194,0.001,82.732283,True
101772,2026-06,906976,50+ bps increase,0xb01e70a56199a6d5467f47a2b94e75e7c7218c128c8d0b8beb6dafed2f0d15c2,0xbc54e69667ceb6ccec538e5a0ba1927fc1fe680f,2026-01-31T15:20:52+00:00,2026-04-07T16:04:27+00:00,36,36,8,3445.3461369788150677,0,0,0,36,0,18,0,0,0,0,1748.152009,1718.0371109923395395,1748.146144,1727.3090259864755282,0,0.005865,True
101772,2026-06,906973,25 bps decrease,0xdde06286a7b9464d344f410ab0b3d2ebc6469904e72c27fd982f65fdbf78768d,0xc124bd6e5d91489b66c987dfa72bcd8de37a25cb,2026-02-11T12:27:09+00:00,2026-04-25T20:11:30+00:00,77,77,24,3105.232179990084,0,0,0,77,0,25,5475.58,1611.095759999273,5475.58,1494.136419990811,0,0,0,0,0.00,0,True
101772,2026-06,906974,No change,0xde04b189b3f19eaccda02529a3ea67abfc46bff5c0c8fc42d8a2d0ed7b8f0d41,0xc124bd6e5d91489b66c987dfa72bcd8de37a25cb,2026-02-10T18:04:29+00:00,2026-03-19T14:46:23+00:00,94,94,18,4789.6306040657743918,0,0,0,94,0,29,5693.141760,2324.3189040337203918,5693.14,2465.311700032054,0,0,0,0,0.001760,0,True
101772,2026-06,906972,50+ bps decrease,0x4e4a7df876b0c04f0b8b29b9073eddfbaf5c787192da825ae7ca1031bc8cfd15,0xd32ce89f16509d3c8f8b5e9750305a5b2bc2a4c2,2026-02-18T10:58:44+00:00,2026-05-29T01:25:39+00:00,678,678,81,18364.616099998497,0,0,0,678,0,53,0,0,24.02,0.31226,18646.51,18364.303839998497,0,0,-24.02,18646.51,False
101772,2026-06,906973,25 bps decrease,0xdde06286a7b9464d344f410ab0b3d2ebc6469904e72c27fd982f65fdbf78768d,0xd32ce89f16509d3c8f8b5e9750305a5b2bc2a4c2,2026-02-18T10:58:44+00:00,2026-05-29T01:25:39+00:00,682,681,82,16710.6500779994827376,0,0,0,682,0,53,0,0,7.32,2.0496,18664.068891,16707.7833579994827376,0.83,0.81712,-7.32,18663.238891,True
101772,2026-06,906974,No change,0xde04b189b3f19eaccda02529a3ea67abfc46bff5c0c8fc42d8a2d0ed7b8f0d41,0xd32ce89f16509d3c8f8b5e9750305a5b2bc2a4c2,2026-02-18T10:58:46+00:00,2026-05-29T01:25:37+00:00,679,679,81,2820.4998770000616852,0,0,0,679,0,53,0,0,47.02,39.0266,18623.628868,2781.4662770000616852,0.1,0.007,-47.02,18623.528868,True
101772,2026-06,906975,25 bps increase,0xa7cb4135c6d9c36da0e343874dd5b455de739c6d1b9f9f5583dd9320aacf5db2,0xd32ce89f16509d3c8f8b5e9750305a5b2bc2a4c2,2026-02-18T10:58:44+00:00,2026-05-29T01:25:37+00:00,680,680,81,18138.403332001239255,0,0,0,680,0,53,0,0,46.02,1.7078,18624.983441,18136.250442001239255,0.47,0.44509,-46.02,18624.513441,True
101772,2026-06,906976,50+ bps increase,0xb01e70a56199a6d5467f47a2b94e75e7c7218c128c8d0b8beb6dafed2f0d15c2,0xd32ce89f16509d3c8f8b5e9750305a5b2bc2a4c2,2026-02-18T10:58:46+00:00,2026-05-29T01:25:39+00:00,678,678,81,18495.90918999820,0,0,0,678,0,53,0,0,57.02,0.49814,18613.51,18495.41104999820,0,0,-57.02,18613.51,False
101772,2026-06,906974,No change,0xde04b189b3f19eaccda02529a3ea67abfc46bff5c0c8fc42d8a2d0ed7b8f0d41,0xd4b5cdba4d836300751f0881b5ff3174ddcbfd07,2026-04-17T23:39:10+00:00,2026-05-30T06:40:26+00:00,480,456,38,1621.5152379999997328,0,0,0,480,0,62,810.76,790.6918,809.990525,789.4759980000046875,356.427712,20.8774399999950453,355.00,20.4700,0.769475,1.427712,True
101772,2026-06,906972,50+ bps decrease,0x4e4a7df876b0c04f0b8b29b9073eddfbaf5c787192da825ae7ca1031bc8cfd15,0xde242261bcd8d4320113f12230da34d705ca25a8,2026-04-15T12:57:42+00:00,2026-05-23T11:49:55+00:00,160,160,31,713.3767182731628212,0,0,0,160,0,39,46329.216174,360.8090419778770997,46329.214283,352.5676762952857215,0,0,0,0,0.001891,0,True
101772,2026-06,906973,25 bps decrease,0xdde06286a7b9464d344f410ab0b3d2ebc6469904e72c27fd982f65fdbf78768d,0xde242261bcd8d4320113f12230da34d705ca25a8,2026-05-18T19:29:19+00:00,2026-05-30T14:36:05+00:00,20,20,5,293.8373169980281714,0,0,0,20,0,12,20717.518428,149.5890690000281712,12283.211818,144.2482479980000002,0,0,0,0,8434.306610,0,True
101772,2026-06,906972,50+ bps decrease,0x4e4a7df876b0c04f0b8b29b9073eddfbaf5c787192da825ae7ca1031bc8cfd15,0xe8dd7741ccb12350957ec71e9ee332e0d1e6ec86,2025-12-11T08:03:11+00:00,2026-05-28T07:09:10+00:00,1280,1229,95,367784.8648586019241220,4,0.003125,0,1280,0,108,0,0,0,0,373704.257528,367784.8648586019241220,0,0,0,373704.257528,False
101772,2026-06,906973,25 bps decrease,0xdde06286a7b9464d344f410ab0b3d2ebc6469904e72c27fd982f65fdbf78768d,0xe8dd7741ccb12350957ec71e9ee332e0d1e6ec86,2025-12-11T08:03:11+00:00,2026-05-28T07:09:10+00:00,1393,1181,95,325913.0673960990493956,16,0.01148600143575017946877243360,1,1392,0,111,0,0,0,0,368208.640713,325913.0673960990493956,0,0,0,368208.640713,False
101772,2026-06,906974,No change,0xde04b189b3f19eaccda02529a3ea67abfc46bff5c0c8fc42d8a2d0ed7b8f0d41,0xe8dd7741ccb12350957ec71e9ee332e0d1e6ec86,2025-12-11T08:03:11+00:00,2026-05-28T07:09:10+00:00,1356,1149,95,61790.7371410336242209,11,0.008112094395280235988200589971,1,1355,0,122,0,0,0,0,377886.495212,61790.7371410336242209,0,0,0,377886.495212,False
101772,2026-06,906975,25 bps increase,0xa7cb4135c6d9c36da0e343874dd5b455de739c6d1b9f9f5583dd9320aacf5db2,0xe8dd7741ccb12350957ec71e9ee332e0d1e6ec86,2025-12-11T08:03:11+00:00,2026-05-28T07:09:10+00:00,1329,1258,96,358321.1661029466041009,4,0.003009781790820165537998495109,1,1328,0,111,0,0,0,0,368250.671708,358321.1661029466041009,0,0,0,368250.671708,False
101772,2026-06,906976,50+ bps increase,0xb01e70a56199a6d5467f47a2b94e75e7c7218c128c8d0b8beb6dafed2f0d15c2,0xe8dd7741ccb12350957ec71e9ee332e0d1e6ec86,2025-12-11T08:03:11+00:00,2026-05-28T07:09:10+00:00,1261,1259,95,374672.9736496315128302,0,0,0,1261,0,106,0,0,0,0,377177.899981,374672.9736496315128302,0,0,0,377177.899981,False
101772,2026-06,906972,50+ bps decrease,0x4e4a7df876b0c04f0b8b29b9073eddfbaf5c787192da825ae7ca1031bc8cfd15,0xec829edacf53dad6fdfb89f752ca7b8004a26eaa,2026-01-30T02:11:18+00:00,2026-05-30T05:31:29+00:00,275,269,80,427.6538730124980424,0,0,0,275,0,13,9762.970672,217.5607780034869310,9762.964980,210.0930950090111114,0,0,0,0,0.005692,0,True
101772,2026-06,906973,25 bps decrease,0xdde06286a7b9464d344f410ab0b3d2ebc6469904e72c27fd982f65fdbf78768d,0xec829edacf53dad6fdfb89f752ca7b8004a26eaa,2026-03-18T21:36:01+00:00,2026-05-30T23:46:26+00:00,417,410,65,995.7384029942756191,0,0,0,417,0,21,16033.756355,496.1631149950689593,16007.019744,499.5752879992066598,0,0,0,0,26.736611,0,True
101772,2026-06,906974,No change,0xde04b189b3f19eaccda02529a3ea67abfc46bff5c0c8fc42d8a2d0ed7b8f0d41,0xec829edacf53dad6fdfb89f752ca7b8004a26eaa,2026-04-01T11:32:59+00:00,2026-05-30T21:09:38+00:00,210,205,47,648.7538040005099886,0,0,0,210,0,17,0,0,0,0,7830.880504,325.4024250003443016,7830.875554,323.3513790001656870,0,0.004950,True
101772,2026-06,906975,25 bps increase,0xa7cb4135c6d9c36da0e343874dd5b455de739c6d1b9f9f5583dd9320aacf5db2,0xec829edacf53dad6fdfb89f752ca7b8004a26eaa,2026-01-30T17:22:38+00:00,2026-05-28T21:30:57+00:00,421,417,84,805.6679079980869208,0,0,0,421,0,19,15407.239471,412.0557629928527170,15407.231135,393.6121450052342038,0,0,0,0,0.008336,0,True
101772,2026-06,906976,50+ bps increase,0xb01e70a56199a6d5467f47a2b94e75e7c7218c128c8d0b8beb6dafed2f0d15c2,0xec829edacf53dad6fdfb89f752ca7b8004a26eaa,2026-01-22T03:13:02+00:00,2026-05-11T15:57:32+00:00,102,102,40,72.1968839951492799,0,0,0,102,0,9,3473.036071,36.7638779971596898,3373.026173,35.4330059979895901,0,0,0,0,100.009898,0,True
