source_page,source_row,transaction_hash,wallet_address,token_id,side,api_shares,api_price,status,matched_log_index,matching_fill_count,candidate_fill_count,api_timestamp_utc,block_timestamp_utc,timestamp_agrees
60,180,0xcd60d1f20f31198abbdff8abe38bbd697028ab6de7d34acf6455a8f3087b139e,0xeece6533fe82f2162b1ba820b826d750968d8ada,11019686559003253359318459636510036787281809199165975947920974072245914352862,BUY,6.5625,0.1523809524,matched_unique,874,1,1,2025-12-10T22:38:16+00:00,2025-12-10T22:38:16+00:00,True
60,181,0xcd60d1f20f31198abbdff8abe38bbd697028ab6de7d34acf6455a8f3087b139e,0x51fd8f0358cc9e8a1ee5f87a0c7e3b07ed634272,58879299945592013948525261328444396601397408171613924748929269227017026499887,BUY,1.5625,0.84,matched_unique,872,1,1,2025-12-10T22:38:16+00:00,2025-12-10T22:38:16+00:00,True
60,182,0xcd60d1f20f31198abbdff8abe38bbd697028ab6de7d34acf6455a8f3087b139e,0xee2714310c4d71e6a371627de67fac02ed12370e,58879299945592013948525261328444396601397408171613924748929269227017026499887,BUY,5.0,0.85,matched_unique,858,1,1,2025-12-10T22:38:16+00:00,2025-12-10T22:38:16+00:00,True
59,169,0x46158956417abc2f63b21ac131654d999cce17b84255195a538b1b4dd94fa7b6,0x63d43bbb87f85af03b8f2f9e2fad7b54334fa2f1,58879299945592013948525261328444396601397408171613924748929269227017026499887,BUY,78.25,0.982,matched_unique,1071,1,1,2026-02-11T20:39:41+00:00,2026-02-11T20:39:41+00:00,True
59,170,0x46158956417abc2f63b21ac131654d999cce17b84255195a538b1b4dd94fa7b6,0xca8f0374e3fc79b485499cc0b038d4f7e783d963,11019686559003253359318459636510036787281809199165975947920974072245914352862,BUY,78.25,0.018,matched_unique,1069,1,1,2026-02-11T20:39:41+00:00,2026-02-11T20:39:41+00:00,True
47,75,0x6b1a12dfaf24129fdbc7fb9a1a795d36a85be9e4e44ddb905ea236a259988a40,0x090af6fd2aeb04202abc97370aa86c1b81d90fa6,58879299945592013948525261328444396601397408171613924748929269227017026499887,BUY,5.49,0.994,matched_unique,1661,1,1,2026-04-15T19:25:36+00:00,2026-04-15T19:25:36+00:00,True
47,76,0x6b1a12dfaf24129fdbc7fb9a1a795d36a85be9e4e44ddb905ea236a259988a40,0x4bac379da2f29d87c01ff737843e396a2cec02b1,11019686559003253359318459636510036787281809199165975947920974072245914352862,BUY,5.49,0.006,matched_unique,1659,1,1,2026-04-15T19:25:36+00:00,2026-04-15T19:25:36+00:00,True
1,1,0x37be4074b5c0621b5f18519cefcc4d5ccaebe2c3df400898b7d29765eda5ca81,0x39aaed185b92e99a78249610cc14a589b764583c,11019686559003253359318459636510036787281809199165975947920974072245914352862,BUY,105.07,0.001,matched_unique,1132,1,1,2026-06-17T17:58:13+00:00,2026-06-17T17:58:13+00:00,True
1,2,0x37be4074b5c0621b5f18519cefcc4d5ccaebe2c3df400898b7d29765eda5ca81,0xfbfd14dd4bb607373119de95f1d4b21c3b6c0029,11019686559003253359318459636510036787281809199165975947920974072245914352862,SELL,105.07,0.001,matched_unique,1130,1,1,2026-06-17T17:58:13+00:00,2026-06-17T17:58:13+00:00,True
