chain_id,timestamp_utc,transaction_hash,block_number,block_hash,log_index,contract_address,event_name,exchange_version,order_hash,wallet_address,event_maker_address,event_taker_address,execution_role,token_id,token_outcome,rate_outcome,condition_id,market_id,side,shares_raw,collateral_raw,fee_raw,shares,gross_notional_usd,price,fee_asset,fee_token_id,fee_shares,fee_usd,amount_decimals,builder,metadata
137,2025-12-10T22:38:16+00:00,0xcd60d1f20f31198abbdff8abe38bbd697028ab6de7d34acf6455a8f3087b139e,80150552,0x949bee2356a050510869aa527cb3b11316ac2037cbdfa30567cefa2d511d1b2a,858,0xc5d563a36ae78145c45a50134d48a1215220f80a,OrderFilled,CTF_V1,0xed3de90d60e8c429aa7965a8e7ceeed71017f76f20d21ac232cf70d4ec29e51c,0xee2714310c4d71e6a371627de67fac02ed12370e,0xee2714310c4d71e6a371627de67fac02ed12370e,0xeece6533fe82f2162b1ba820b826d750968d8ada,maker_order,58879299945592013948525261328444396601397408171613924748929269227017026499887,NO,50+ bps increase,0xb01e70a56199a6d5467f47a2b94e75e7c7218c128c8d0b8beb6dafed2f0d15c2,906976,BUY,5000000,4250000,0,5,4.25,0.85,outcome_token,58879299945592013948525261328444396601397408171613924748929269227017026499887,0,,6,,
137,2025-12-10T22:38:16+00:00,0xcd60d1f20f31198abbdff8abe38bbd697028ab6de7d34acf6455a8f3087b139e,80150552,0x949bee2356a050510869aa527cb3b11316ac2037cbdfa30567cefa2d511d1b2a,872,0xc5d563a36ae78145c45a50134d48a1215220f80a,OrderFilled,CTF_V1,0xb8e315e7be9d46d19c6bc054e6363109ecc2f07d7b2d62f1ddf540ba6b482008,0x51fd8f0358cc9e8a1ee5f87a0c7e3b07ed634272,0x51fd8f0358cc9e8a1ee5f87a0c7e3b07ed634272,0xeece6533fe82f2162b1ba820b826d750968d8ada,maker_order,58879299945592013948525261328444396601397408171613924748929269227017026499887,NO,50+ bps increase,0xb01e70a56199a6d5467f47a2b94e75e7c7218c128c8d0b8beb6dafed2f0d15c2,906976,BUY,1562500,1312500,0,1.5625,1.3125,0.84,outcome_token,58879299945592013948525261328444396601397408171613924748929269227017026499887,0,,6,,
137,2025-12-10T22:38:16+00:00,0xcd60d1f20f31198abbdff8abe38bbd697028ab6de7d34acf6455a8f3087b139e,80150552,0x949bee2356a050510869aa527cb3b11316ac2037cbdfa30567cefa2d511d1b2a,874,0xc5d563a36ae78145c45a50134d48a1215220f80a,OrderFilled,CTF_V1,0xb6ee77452f16c3cfe88a249b4c5a41e1fd434ab7fe3a3f21fc7fa4e70f1592ff,0xeece6533fe82f2162b1ba820b826d750968d8ada,0xeece6533fe82f2162b1ba820b826d750968d8ada,0xc5d563a36ae78145c45a50134d48a1215220f80a,taker_order,11019686559003253359318459636510036787281809199165975947920974072245914352862,YES,50+ bps increase,0xb01e70a56199a6d5467f47a2b94e75e7c7218c128c8d0b8beb6dafed2f0d15c2,906976,BUY,6562500,1000000,0,6.5625,1,0.1523809523809523809523809524,outcome_token,11019686559003253359318459636510036787281809199165975947920974072245914352862,0,,6,,
137,2026-02-11T20:39:41+00:00,0x46158956417abc2f63b21ac131654d999cce17b84255195a538b1b4dd94fa7b6,82861179,0xad263023d38dd0d19f8ef54145672eb7fe5fb651ccd62e9f616098e936207dbd,1069,0xc5d563a36ae78145c45a50134d48a1215220f80a,OrderFilled,CTF_V1,0x0eaec1ba6fb5513f3bfd9dadf9014e9e692fba60d188a05462f94e1cca7274fe,0xca8f0374e3fc79b485499cc0b038d4f7e783d963,0xca8f0374e3fc79b485499cc0b038d4f7e783d963,0x63d43bbb87f85af03b8f2f9e2fad7b54334fa2f1,maker_order,11019686559003253359318459636510036787281809199165975947920974072245914352862,YES,50+ bps increase,0xb01e70a56199a6d5467f47a2b94e75e7c7218c128c8d0b8beb6dafed2f0d15c2,906976,BUY,78250000,1408500,0,78.25,1.4085,0.018,outcome_token,11019686559003253359318459636510036787281809199165975947920974072245914352862,0,,6,,
137,2026-02-11T20:39:41+00:00,0x46158956417abc2f63b21ac131654d999cce17b84255195a538b1b4dd94fa7b6,82861179,0xad263023d38dd0d19f8ef54145672eb7fe5fb651ccd62e9f616098e936207dbd,1071,0xc5d563a36ae78145c45a50134d48a1215220f80a,OrderFilled,CTF_V1,0x63a0c5f0421ef11faa2590aea47ade036898791a0f36f8745c98842b21983e49,0x63d43bbb87f85af03b8f2f9e2fad7b54334fa2f1,0x63d43bbb87f85af03b8f2f9e2fad7b54334fa2f1,0xc5d563a36ae78145c45a50134d48a1215220f80a,taker_order,58879299945592013948525261328444396601397408171613924748929269227017026499887,NO,50+ bps increase,0xb01e70a56199a6d5467f47a2b94e75e7c7218c128c8d0b8beb6dafed2f0d15c2,906976,BUY,78250000,76841500,0,78.25,76.8415,0.982,outcome_token,58879299945592013948525261328444396601397408171613924748929269227017026499887,0,,6,,
137,2026-04-15T19:25:36+00:00,0x6b1a12dfaf24129fdbc7fb9a1a795d36a85be9e4e44ddb905ea236a259988a40,85580546,0x1518a509edd23d7fa1ca91f9177f9d78f085a182f3f726ccf61a49d3ea81e0c6,1659,0xc5d563a36ae78145c45a50134d48a1215220f80a,OrderFilled,CTF_V1,0xcd9f01e7d68c3bf6fd062940704456c23c690e4a301098fad0c6bc8844cf80c6,0x4bac379da2f29d87c01ff737843e396a2cec02b1,0x4bac379da2f29d87c01ff737843e396a2cec02b1,0x090af6fd2aeb04202abc97370aa86c1b81d90fa6,maker_order,11019686559003253359318459636510036787281809199165975947920974072245914352862,YES,50+ bps increase,0xb01e70a56199a6d5467f47a2b94e75e7c7218c128c8d0b8beb6dafed2f0d15c2,906976,BUY,5490000,32940,0,5.49,0.03294,0.006,outcome_token,11019686559003253359318459636510036787281809199165975947920974072245914352862,0,,6,,
137,2026-04-15T19:25:36+00:00,0x6b1a12dfaf24129fdbc7fb9a1a795d36a85be9e4e44ddb905ea236a259988a40,85580546,0x1518a509edd23d7fa1ca91f9177f9d78f085a182f3f726ccf61a49d3ea81e0c6,1661,0xc5d563a36ae78145c45a50134d48a1215220f80a,OrderFilled,CTF_V1,0xcc3d0adb9376f76df4c101450046afa727ea302d4f1e40c90d2eeedfbe298fa5,0x090af6fd2aeb04202abc97370aa86c1b81d90fa6,0x090af6fd2aeb04202abc97370aa86c1b81d90fa6,0xc5d563a36ae78145c45a50134d48a1215220f80a,taker_order,58879299945592013948525261328444396601397408171613924748929269227017026499887,NO,50+ bps increase,0xb01e70a56199a6d5467f47a2b94e75e7c7218c128c8d0b8beb6dafed2f0d15c2,906976,BUY,5490000,5457060,0,5.49,5.45706,0.994,outcome_token,58879299945592013948525261328444396601397408171613924748929269227017026499887,0,,6,,
137,2026-06-17T17:58:13+00:00,0x37be4074b5c0621b5f18519cefcc4d5ccaebe2c3df400898b7d29765eda5ca81,88676069,0xe3999c726025c37b4daaa969cdcc2d0cbdafc499e4820cb112bb4188c982acca,1130,0xe2222d279d744050d28e00520010520000310f59,OrderFilled,CTF_V2,0x6f6a34a26bbf26fb91de0306bad8aa4d4f360c9f9587597fb9135a883097a5eb,0xfbfd14dd4bb607373119de95f1d4b21c3b6c0029,0xfbfd14dd4bb607373119de95f1d4b21c3b6c0029,0x39aaed185b92e99a78249610cc14a589b764583c,maker_order,11019686559003253359318459636510036787281809199165975947920974072245914352862,YES,50+ bps increase,0xb01e70a56199a6d5467f47a2b94e75e7c7218c128c8d0b8beb6dafed2f0d15c2,906976,SELL,105070000,105070,0,105.07,0.10507,0.001,collateral,0,,0,6,0x0000000000000000000000000000000000000000000000000000000000000000,0x0000000000000000000000000000000000000000000000000000000000000000
137,2026-06-17T17:58:13+00:00,0x37be4074b5c0621b5f18519cefcc4d5ccaebe2c3df400898b7d29765eda5ca81,88676069,0xe3999c726025c37b4daaa969cdcc2d0cbdafc499e4820cb112bb4188c982acca,1132,0xe2222d279d744050d28e00520010520000310f59,OrderFilled,CTF_V2,0xf6a33e392fe08b46b21bc4ce9c6182295239d6aee9b7b52576cb37447bb775ec,0x39aaed185b92e99a78249610cc14a589b764583c,0x39aaed185b92e99a78249610cc14a589b764583c,0xe2222d279d744050d28e00520010520000310f59,taker_order,11019686559003253359318459636510036787281809199165975947920974072245914352862,YES,50+ bps increase,0xb01e70a56199a6d5467f47a2b94e75e7c7218c128c8d0b8beb6dafed2f0d15c2,906976,BUY,105070000,105070,5240,105.07,0.10507,0.001,collateral,0,,0.00524,6,0x0000000000000000000000000000000000000000000000000000000000000000,0x0000000000000000000000000000000000000000000000000000000000000000
