source_page,source_row,record_fingerprint,timestamp_utc,event_id,market_id,meeting_month,rate_outcome,condition_id,token_id,token_outcome,wallet_address,side,shares,price,notional_usd,signed_yes_shares,transaction_hash,chain_verification,same_fingerprint_count
1,1,750dccf7b86b93b36c8968c9b624f8d093298666bc42e7431d7eff820a7dc883,2026-06-17T17:58:13+00:00,101772,906976,2026-06,50+ bps increase,0xb01e70a56199a6d5467f47a2b94e75e7c7218c128c8d0b8beb6dafed2f0d15c2,11019686559003253359318459636510036787281809199165975947920974072245914352862,YES,0x39aaed185b92e99a78249610cc14a589b764583c,BUY,105.07,0.001,0.10507,105.07,0x37be4074b5c0621b5f18519cefcc4d5ccaebe2c3df400898b7d29765eda5ca81,matched_unique,1
1,2,f932fea64eb4e5476605a40c78a3fa01afe19c0a7d439c4afc17427492af366b,2026-06-17T17:58:13+00:00,101772,906976,2026-06,50+ bps increase,0xb01e70a56199a6d5467f47a2b94e75e7c7218c128c8d0b8beb6dafed2f0d15c2,11019686559003253359318459636510036787281809199165975947920974072245914352862,YES,0xfbfd14dd4bb607373119de95f1d4b21c3b6c0029,SELL,105.07,0.001,0.10507,-105.07,0x37be4074b5c0621b5f18519cefcc4d5ccaebe2c3df400898b7d29765eda5ca81,matched_unique,1
47,75,cf8922b874e100acc9fe853606c28ea468246d63f580daee7d58205d7ec0292c,2026-04-15T19:25:36+00:00,101772,906976,2026-06,50+ bps increase,0xb01e70a56199a6d5467f47a2b94e75e7c7218c128c8d0b8beb6dafed2f0d15c2,58879299945592013948525261328444396601397408171613924748929269227017026499887,NO,0x090af6fd2aeb04202abc97370aa86c1b81d90fa6,BUY,5.49,0.994,5.45706,-5.49,0x6b1a12dfaf24129fdbc7fb9a1a795d36a85be9e4e44ddb905ea236a259988a40,matched_unique,1
47,76,c00899dde8faa9e69e401d9e7914d0cd2b0aef19e97d5c1715c3fd2cad56f108,2026-04-15T19:25:36+00:00,101772,906976,2026-06,50+ bps increase,0xb01e70a56199a6d5467f47a2b94e75e7c7218c128c8d0b8beb6dafed2f0d15c2,11019686559003253359318459636510036787281809199165975947920974072245914352862,YES,0x4bac379da2f29d87c01ff737843e396a2cec02b1,BUY,5.49,0.006,0.03294,5.49,0x6b1a12dfaf24129fdbc7fb9a1a795d36a85be9e4e44ddb905ea236a259988a40,matched_unique,1
59,169,770d0cdaf3362c8f52519fbaecc109d115a828048ce05cc826a0135fe02ffd33,2026-02-11T20:39:41+00:00,101772,906976,2026-06,50+ bps increase,0xb01e70a56199a6d5467f47a2b94e75e7c7218c128c8d0b8beb6dafed2f0d15c2,58879299945592013948525261328444396601397408171613924748929269227017026499887,NO,0x63d43bbb87f85af03b8f2f9e2fad7b54334fa2f1,BUY,78.25,0.982,76.84150,-78.25,0x46158956417abc2f63b21ac131654d999cce17b84255195a538b1b4dd94fa7b6,matched_unique,1
59,170,2b123c8e38165841f07d95dc8e9fbbb4382f9b1a38d9a612593af710737fcf94,2026-02-11T20:39:41+00:00,101772,906976,2026-06,50+ bps increase,0xb01e70a56199a6d5467f47a2b94e75e7c7218c128c8d0b8beb6dafed2f0d15c2,11019686559003253359318459636510036787281809199165975947920974072245914352862,YES,0xca8f0374e3fc79b485499cc0b038d4f7e783d963,BUY,78.25,0.018,1.40850,78.25,0x46158956417abc2f63b21ac131654d999cce17b84255195a538b1b4dd94fa7b6,matched_unique,1
60,180,976ff97fcf0a94f2f1f90de4a22cbe22d8514bc2343e6b275cf85e6012ba7b23,2025-12-10T22:38:16+00:00,101772,906976,2026-06,50+ bps increase,0xb01e70a56199a6d5467f47a2b94e75e7c7218c128c8d0b8beb6dafed2f0d15c2,11019686559003253359318459636510036787281809199165975947920974072245914352862,YES,0xeece6533fe82f2162b1ba820b826d750968d8ada,BUY,6.5625,0.1523809524,1.00000000012500,6.5625,0xcd60d1f20f31198abbdff8abe38bbd697028ab6de7d34acf6455a8f3087b139e,matched_unique,1
60,181,e44acb85483902bf98c8c698db6c2ba9780f540a80f3ccc5e26b915ff695fd06,2025-12-10T22:38:16+00:00,101772,906976,2026-06,50+ bps increase,0xb01e70a56199a6d5467f47a2b94e75e7c7218c128c8d0b8beb6dafed2f0d15c2,58879299945592013948525261328444396601397408171613924748929269227017026499887,NO,0x51fd8f0358cc9e8a1ee5f87a0c7e3b07ed634272,BUY,1.5625,0.84,1.312500,-1.5625,0xcd60d1f20f31198abbdff8abe38bbd697028ab6de7d34acf6455a8f3087b139e,matched_unique,1
60,182,65bc487c2b7559075dd5947437f558e5a66de8ab2d9d2acc80f32d65f120c5f4,2025-12-10T22:38:16+00:00,101772,906976,2026-06,50+ bps increase,0xb01e70a56199a6d5467f47a2b94e75e7c7218c128c8d0b8beb6dafed2f0d15c2,58879299945592013948525261328444396601397408171613924748929269227017026499887,NO,0xee2714310c4d71e6a371627de67fac02ed12370e,BUY,5.0,0.85,4.250,-5.0,0xcd60d1f20f31198abbdff8abe38bbd697028ab6de7d34acf6455a8f3087b139e,matched_unique,1
