event_id,market_id,meeting_month,rate_outcome,condition_id,token_id,token_outcome
101772,906972,2026-06,50+ bps decrease,0x4e4a7df876b0c04f0b8b29b9073eddfbaf5c787192da825ae7ca1031bc8cfd15,110884561568299698460551977852169332756450294345019257864587852438060900499251,YES
101772,906972,2026-06,50+ bps decrease,0x4e4a7df876b0c04f0b8b29b9073eddfbaf5c787192da825ae7ca1031bc8cfd15,43657246144121396803720838555832481461017693669899677632500878505194847879265,NO
101772,906973,2026-06,25 bps decrease,0xdde06286a7b9464d344f410ab0b3d2ebc6469904e72c27fd982f65fdbf78768d,65193234666628291664907888364936366210889305490897648116746073820519263548476,YES
101772,906973,2026-06,25 bps decrease,0xdde06286a7b9464d344f410ab0b3d2ebc6469904e72c27fd982f65fdbf78768d,28290293140018107764072370767749010110409017615323596573647425138985988593200,NO
101772,906974,2026-06,No change,0xde04b189b3f19eaccda02529a3ea67abfc46bff5c0c8fc42d8a2d0ed7b8f0d41,30767812841387255642892182147223249245545002662653079696958384408588201824258,YES
101772,906974,2026-06,No change,0xde04b189b3f19eaccda02529a3ea67abfc46bff5c0c8fc42d8a2d0ed7b8f0d41,40302938956091099752849867077837976978448552504757012372843872340644441002059,NO
101772,906975,2026-06,25 bps increase,0xa7cb4135c6d9c36da0e343874dd5b455de739c6d1b9f9f5583dd9320aacf5db2,54688507565884542490190759171719899637342914252863057837926715255559077706253,YES
101772,906975,2026-06,25 bps increase,0xa7cb4135c6d9c36da0e343874dd5b455de739c6d1b9f9f5583dd9320aacf5db2,11860607772349332991076953711276491732463246158502547301609855788223626456599,NO
101772,906976,2026-06,50+ bps increase,0xb01e70a56199a6d5467f47a2b94e75e7c7218c128c8d0b8beb6dafed2f0d15c2,11019686559003253359318459636510036787281809199165975947920974072245914352862,YES
101772,906976,2026-06,50+ bps increase,0xb01e70a56199a6d5467f47a2b94e75e7c7218c128c8d0b8beb6dafed2f0d15c2,58879299945592013948525261328444396601397408171613924748929269227017026499887,NO
