candidate_number,wallet_address,selection_group,event_id,meeting_month,decision_cutoff_utc,served_trade_rows,pre_decision_trade_rows,pre_decision_unique_transactions,pre_decision_active_days,pre_decision_markets_traded,pre_decision_gross_participant_notional_usd,pre_decision_duplicate_candidate_rows,first_observed_trade_utc,last_observed_trade_utc,has_pre_decision_activity,current_resolution_status,closed_before_selection_cutoff,original_resolution_time_verified,exhausted_wallet_api_cursors
1,0x1e9851cf9c439811937fc19c0a144c8a9fd06345,broad_outcome_participation,21255,2025-07,2025-07-29T12:00:00+00:00,0,0,0,0,0,0,0,,,False,resolved,True,False,True
1,0x1e9851cf9c439811937fc19c0a144c8a9fd06345,broad_outcome_participation,24087,2025-09,2025-09-16T12:00:00+00:00,0,0,0,0,0,0,0,,,False,resolved,True,False,True
1,0x1e9851cf9c439811937fc19c0a144c8a9fd06345,broad_outcome_participation,27824,2025-10,2025-10-28T12:00:00+00:00,0,0,0,0,0,0,0,,,False,resolved,True,False,True
1,0x1e9851cf9c439811937fc19c0a144c8a9fd06345,broad_outcome_participation,35090,2025-12,2025-12-09T00:00:00+00:00,0,0,0,0,0,0,0,,,False,resolved,True,False,True
1,0x1e9851cf9c439811937fc19c0a144c8a9fd06345,broad_outcome_participation,45883,2026-01,2026-01-27T00:00:00+00:00,1301,1298,1260,47,4,3741.0355050081725031,5,2025-12-11T02:50:37+00:00,2026-01-27T04:49:55+00:00,True,resolved,True,False,True
1,0x1e9851cf9c439811937fc19c0a144c8a9fd06345,broad_outcome_participation,67284,2026-03,2026-03-17T00:00:00+00:00,1298,1296,1278,87,4,2046.0064969963481490,0,2025-12-11T02:37:15+00:00,2026-03-17T03:34:05+00:00,True,resolved,True,False,True
1,0x1e9851cf9c439811937fc19c0a144c8a9fd06345,broad_outcome_participation,75478,2026-04,2026-04-28T00:00:00+00:00,1888,1886,1846,118,4,3412.4319449919311349,2,2025-12-11T06:36:41+00:00,2026-04-28T10:32:20+00:00,True,resolved,True,False,True
2,0xec829edacf53dad6fdfb89f752ca7b8004a26eaa,broad_outcome_participation,21255,2025-07,2025-07-29T12:00:00+00:00,0,0,0,0,0,0,0,,,False,resolved,True,False,True
2,0xec829edacf53dad6fdfb89f752ca7b8004a26eaa,broad_outcome_participation,24087,2025-09,2025-09-16T12:00:00+00:00,0,0,0,0,0,0,0,,,False,resolved,True,False,True
2,0xec829edacf53dad6fdfb89f752ca7b8004a26eaa,broad_outcome_participation,27824,2025-10,2025-10-28T12:00:00+00:00,0,0,0,0,0,0,0,,,False,resolved,True,False,True
2,0xec829edacf53dad6fdfb89f752ca7b8004a26eaa,broad_outcome_participation,35090,2025-12,2025-12-09T00:00:00+00:00,0,0,0,0,0,0,0,,,False,resolved,True,False,True
2,0xec829edacf53dad6fdfb89f752ca7b8004a26eaa,broad_outcome_participation,45883,2026-01,2026-01-27T00:00:00+00:00,1082,1079,1049,16,4,5110.4716799787633657,0,2026-01-11T07:49:18+00:00,2026-01-27T04:49:55+00:00,True,resolved,True,False,True
2,0xec829edacf53dad6fdfb89f752ca7b8004a26eaa,broad_outcome_participation,67284,2026-03,2026-03-17T00:00:00+00:00,1271,1269,1246,65,4,2345.1114050159507773,0,2026-01-11T21:44:28+00:00,2026-03-17T03:34:05+00:00,True,resolved,True,False,True
2,0xec829edacf53dad6fdfb89f752ca7b8004a26eaa,broad_outcome_participation,75478,2026-04,2026-04-28T00:00:00+00:00,1560,1559,1544,100,4,3001.4963040131680362,0,2026-01-11T13:45:24+00:00,2026-04-28T10:32:20+00:00,True,resolved,True,False,True
3,0xe8dd7741ccb12350957ec71e9ee332e0d1e6ec86,broad_outcome_participation,21255,2025-07,2025-07-29T12:00:00+00:00,2789,2789,2783,82,4,286792.8331364246439310,6,2025-03-21T11:41:41+00:00,2025-07-12T18:45:11+00:00,True,resolved,True,False,True
3,0xe8dd7741ccb12350957ec71e9ee332e0d1e6ec86,broad_outcome_participation,24087,2025-09,2025-09-16T12:00:00+00:00,1470,1470,1469,58,4,113346.9603860650387895,0,2025-05-08T23:42:34+00:00,2025-09-15T23:56:52+00:00,True,resolved,True,False,True
3,0xe8dd7741ccb12350957ec71e9ee332e0d1e6ec86,broad_outcome_participation,27824,2025-10,2025-10-28T12:00:00+00:00,766,757,757,30,4,93651.0222890167910837,0,2025-06-19T20:42:30+00:00,2025-10-29T15:20:53+00:00,True,resolved,True,False,True
3,0xe8dd7741ccb12350957ec71e9ee332e0d1e6ec86,broad_outcome_participation,35090,2025-12,2025-12-09T00:00:00+00:00,6231,5989,5659,44,4,1369841.5207673494397837,14,2025-09-18T17:39:24+00:00,2025-12-10T19:00:06+00:00,True,resolved,True,False,True
3,0xe8dd7741ccb12350957ec71e9ee332e0d1e6ec86,broad_outcome_participation,45883,2026-01,2026-01-27T00:00:00+00:00,9818,9802,9037,74,4,2465224.6478705291109052,32,2025-09-29T03:18:47+00:00,2026-01-28T19:00:24+00:00,True,resolved,True,False,True
3,0xe8dd7741ccb12350957ec71e9ee332e0d1e6ec86,broad_outcome_participation,67284,2026-03,2026-03-17T00:00:00+00:00,6008,6001,5445,101,4,1382701.7803025764798606,63,2025-11-01T02:17:14+00:00,2026-03-18T17:57:57+00:00,True,resolved,True,False,True
3,0xe8dd7741ccb12350957ec71e9ee332e0d1e6ec86,broad_outcome_participation,75478,2026-04,2026-04-28T00:00:00+00:00,8811,8802,7980,113,4,2519759.9602099968431577,43,2025-11-14T12:20:58+00:00,2026-04-29T17:34:08+00:00,True,resolved,True,False,True
4,0x60fd421fb445029d7c8ce20a6a86e0bb364589a9,broad_outcome_participation,21255,2025-07,2025-07-29T12:00:00+00:00,0,0,0,0,0,0,0,,,False,resolved,True,False,True
4,0x60fd421fb445029d7c8ce20a6a86e0bb364589a9,broad_outcome_participation,24087,2025-09,2025-09-16T12:00:00+00:00,0,0,0,0,0,0,0,,,False,resolved,True,False,True
4,0x60fd421fb445029d7c8ce20a6a86e0bb364589a9,broad_outcome_participation,27824,2025-10,2025-10-28T12:00:00+00:00,0,0,0,0,0,0,0,,,False,resolved,True,False,True
4,0x60fd421fb445029d7c8ce20a6a86e0bb364589a9,broad_outcome_participation,35090,2025-12,2025-12-09T00:00:00+00:00,0,0,0,0,0,0,0,,,False,resolved,True,False,True
4,0x60fd421fb445029d7c8ce20a6a86e0bb364589a9,broad_outcome_participation,45883,2026-01,2026-01-27T00:00:00+00:00,0,0,0,0,0,0,0,,,False,resolved,True,False,True
4,0x60fd421fb445029d7c8ce20a6a86e0bb364589a9,broad_outcome_participation,67284,2026-03,2026-03-17T00:00:00+00:00,786,784,765,31,4,1712.6133200031460668,0,2026-02-14T10:00:57+00:00,2026-03-17T03:34:05+00:00,True,resolved,True,False,True
4,0x60fd421fb445029d7c8ce20a6a86e0bb364589a9,broad_outcome_participation,75478,2026-04,2026-04-28T00:00:00+00:00,1751,1750,1702,72,4,4728.1974900095852695,2,2026-02-15T15:25:53+00:00,2026-04-28T10:32:20+00:00,True,resolved,True,False,True
5,0x6c3789734ebd5c9494932e4936b7cc20cfdcd40f,broad_outcome_participation,21255,2025-07,2025-07-29T12:00:00+00:00,0,0,0,0,0,0,0,,,False,resolved,True,False,True
5,0x6c3789734ebd5c9494932e4936b7cc20cfdcd40f,broad_outcome_participation,24087,2025-09,2025-09-16T12:00:00+00:00,0,0,0,0,0,0,0,,,False,resolved,True,False,True
5,0x6c3789734ebd5c9494932e4936b7cc20cfdcd40f,broad_outcome_participation,27824,2025-10,2025-10-28T12:00:00+00:00,0,0,0,0,0,0,0,,,False,resolved,True,False,True
5,0x6c3789734ebd5c9494932e4936b7cc20cfdcd40f,broad_outcome_participation,35090,2025-12,2025-12-09T00:00:00+00:00,0,0,0,0,0,0,0,,,False,resolved,True,False,True
5,0x6c3789734ebd5c9494932e4936b7cc20cfdcd40f,broad_outcome_participation,45883,2026-01,2026-01-27T00:00:00+00:00,0,0,0,0,0,0,0,,,False,resolved,True,False,True
5,0x6c3789734ebd5c9494932e4936b7cc20cfdcd40f,broad_outcome_participation,67284,2026-03,2026-03-17T00:00:00+00:00,272,270,269,32,4,331.3165799966375441,0,2026-02-11T14:25:59+00:00,2026-03-17T03:34:05+00:00,True,resolved,True,False,True
5,0x6c3789734ebd5c9494932e4936b7cc20cfdcd40f,broad_outcome_participation,75478,2026-04,2026-04-28T00:00:00+00:00,531,529,525,61,4,764.6304990002129402,0,2026-02-11T13:45:55+00:00,2026-04-28T18:41:28+00:00,True,resolved,True,False,True
6,0x21ffd2b7a212a6f277ed3eca1a9f8efcbca90d71,broad_outcome_participation,21255,2025-07,2025-07-29T12:00:00+00:00,540,540,518,62,2,36510.7611429900705243,0,2025-03-28T19:03:35+00:00,2025-07-28T13:10:36+00:00,True,resolved,True,False,True
6,0x21ffd2b7a212a6f277ed3eca1a9f8efcbca90d71,broad_outcome_participation,24087,2025-09,2025-09-16T12:00:00+00:00,4192,4191,3781,113,4,127726.4312540021170588,8,2025-05-09T13:07:09+00:00,2025-09-16T13:54:08+00:00,True,resolved,True,False,True
6,0x21ffd2b7a212a6f277ed3eca1a9f8efcbca90d71,broad_outcome_participation,27824,2025-10,2025-10-28T12:00:00+00:00,568,568,516,55,3,18852.3750570030318703,0,2025-06-21T11:45:26+00:00,2025-10-24T14:33:17+00:00,True,resolved,True,False,True
6,0x21ffd2b7a212a6f277ed3eca1a9f8efcbca90d71,broad_outcome_participation,35090,2025-12,2025-12-09T00:00:00+00:00,466,465,451,52,3,38933.1085670027277182,0,2025-08-12T22:10:55+00:00,2025-12-10T19:01:56+00:00,True,resolved,True,False,True
6,0x21ffd2b7a212a6f277ed3eca1a9f8efcbca90d71,broad_outcome_participation,45883,2026-01,2026-01-27T00:00:00+00:00,843,841,806,51,4,65606.9235690215777641,0,2025-11-25T03:33:07+00:00,2026-01-28T19:00:26+00:00,True,resolved,True,False,True
6,0x21ffd2b7a212a6f277ed3eca1a9f8efcbca90d71,broad_outcome_participation,67284,2026-03,2026-03-17T00:00:00+00:00,430,430,409,55,4,48236.9856679655674393,0,2025-12-04T07:26:27+00:00,2026-03-07T02:01:01+00:00,True,resolved,True,False,True
6,0x21ffd2b7a212a6f277ed3eca1a9f8efcbca90d71,broad_outcome_participation,75478,2026-04,2026-04-28T00:00:00+00:00,482,482,454,50,4,46886.8709349971341107,0,2025-12-11T19:16:15+00:00,2026-04-18T08:10:46+00:00,True,resolved,True,False,True
7,0xbc54e69667ceb6ccec538e5a0ba1927fc1fe680f,broad_outcome_participation,21255,2025-07,2025-07-29T12:00:00+00:00,855,855,804,55,2,99585.6702669919057844,2,2025-03-28T02:07:15+00:00,2025-07-15T16:08:44+00:00,True,resolved,True,False,True
7,0xbc54e69667ceb6ccec538e5a0ba1927fc1fe680f,broad_outcome_participation,24087,2025-09,2025-09-16T12:00:00+00:00,1158,1070,1007,76,4,130292.0273688179429615,2,2025-05-08T05:54:39+00:00,2025-09-17T17:59:52+00:00,True,resolved,True,False,True
7,0xbc54e69667ceb6ccec538e5a0ba1927fc1fe680f,broad_outcome_participation,27824,2025-10,2025-10-28T12:00:00+00:00,826,641,607,57,4,50751.4383809599180618,4,2025-06-21T11:45:26+00:00,2025-10-29T18:02:51+00:00,True,resolved,True,False,True
7,0xbc54e69667ceb6ccec538e5a0ba1927fc1fe680f,broad_outcome_participation,35090,2025-12,2025-12-09T00:00:00+00:00,544,532,500,27,4,30298.3038841007954270,2,2025-09-17T03:28:28+00:00,2025-12-10T18:56:56+00:00,True,resolved,True,False,True
7,0xbc54e69667ceb6ccec538e5a0ba1927fc1fe680f,broad_outcome_participation,45883,2026-01,2026-01-27T00:00:00+00:00,371,333,308,52,4,12650.9028790076606123,2,2025-09-25T12:48:15+00:00,2026-01-28T18:59:34+00:00,True,resolved,True,False,True
7,0xbc54e69667ceb6ccec538e5a0ba1927fc1fe680f,broad_outcome_participation,67284,2026-03,2026-03-17T00:00:00+00:00,1518,1410,1347,85,3,21327.2073432751394482,4,2025-11-01T02:17:14+00:00,2026-03-18T17:59:29+00:00,True,resolved,True,False,True
7,0xbc54e69667ceb6ccec538e5a0ba1927fc1fe680f,broad_outcome_participation,75478,2026-04,2026-04-28T00:00:00+00:00,2351,2097,2017,93,4,15927.9659668694722770,2,2025-11-13T09:56:34+00:00,2026-04-29T18:38:00+00:00,True,resolved,True,False,True
8,0xd32ce89f16509d3c8f8b5e9750305a5b2bc2a4c2,broad_outcome_participation,21255,2025-07,2025-07-29T12:00:00+00:00,0,0,0,0,0,0,0,,,False,resolved,True,False,True
8,0xd32ce89f16509d3c8f8b5e9750305a5b2bc2a4c2,broad_outcome_participation,24087,2025-09,2025-09-16T12:00:00+00:00,0,0,0,0,0,0,0,,,False,resolved,True,False,True
8,0xd32ce89f16509d3c8f8b5e9750305a5b2bc2a4c2,broad_outcome_participation,27824,2025-10,2025-10-28T12:00:00+00:00,0,0,0,0,0,0,0,,,False,resolved,True,False,True
8,0xd32ce89f16509d3c8f8b5e9750305a5b2bc2a4c2,broad_outcome_participation,35090,2025-12,2025-12-09T00:00:00+00:00,21,21,21,1,4,17.5943390000009964,0,2025-11-24T21:42:25+00:00,2025-11-24T23:29:07+00:00,True,resolved,True,False,True
8,0xd32ce89f16509d3c8f8b5e9750305a5b2bc2a4c2,broad_outcome_participation,45883,2026-01,2026-01-27T00:00:00+00:00,2303,2302,2294,35,4,9599.8227200000394487,9,2025-12-15T14:10:37+00:00,2026-01-27T06:46:07+00:00,True,resolved,True,False,True
8,0xd32ce89f16509d3c8f8b5e9750305a5b2bc2a4c2,broad_outcome_participation,67284,2026-03,2026-03-17T00:00:00+00:00,1657,1657,1647,57,4,10745.2556930002819682,2,2025-12-23T01:42:37+00:00,2026-03-07T23:34:59+00:00,True,resolved,True,False,True
8,0xd32ce89f16509d3c8f8b5e9750305a5b2bc2a4c2,broad_outcome_participation,75478,2026-04,2026-04-28T00:00:00+00:00,2833,2833,2829,87,4,42297.8358180005092320,0,2025-12-30T00:42:21+00:00,2026-04-14T15:41:27+00:00,True,resolved,True,False,True
9,0xa3ad70cf48a2f2b44163e798223c01a2c2536866,broad_outcome_participation,21255,2025-07,2025-07-29T12:00:00+00:00,0,0,0,0,0,0,0,,,False,resolved,True,False,True
9,0xa3ad70cf48a2f2b44163e798223c01a2c2536866,broad_outcome_participation,24087,2025-09,2025-09-16T12:00:00+00:00,0,0,0,0,0,0,0,,,False,resolved,True,False,True
9,0xa3ad70cf48a2f2b44163e798223c01a2c2536866,broad_outcome_participation,27824,2025-10,2025-10-28T12:00:00+00:00,1485,1390,1369,32,4,471825.9449110252396009,8,2025-09-19T18:43:44+00:00,2025-10-29T17:56:17+00:00,True,resolved,True,False,True
9,0xa3ad70cf48a2f2b44163e798223c01a2c2536866,broad_outcome_participation,35090,2025-12,2025-12-09T00:00:00+00:00,4815,4692,4650,62,4,909331.7507607579301433,36,2025-09-23T14:58:54+00:00,2025-12-10T19:00:10+00:00,True,resolved,True,False,True
9,0xa3ad70cf48a2f2b44163e798223c01a2c2536866,broad_outcome_participation,45883,2026-01,2026-01-27T00:00:00+00:00,3158,3158,3078,89,4,698851.2052050248621699,27,2025-09-25T12:48:15+00:00,2026-01-26T22:23:07+00:00,True,resolved,True,False,True
9,0xa3ad70cf48a2f2b44163e798223c01a2c2536866,broad_outcome_participation,67284,2026-03,2026-03-17T00:00:00+00:00,1257,1257,1232,50,4,247649.9144660120022127,2,2025-12-18T17:29:49+00:00,2026-03-07T03:51:35+00:00,True,resolved,True,False,True
9,0xa3ad70cf48a2f2b44163e798223c01a2c2536866,broad_outcome_participation,75478,2026-04,2026-04-28T00:00:00+00:00,2558,2558,2508,84,4,308347.2519670748820196,18,2025-12-19T11:28:18+00:00,2026-04-20T21:23:02+00:00,True,resolved,True,False,True
10,0x7ac42386d934093f2fc7aa2f52fc0da59c434f44,broad_outcome_participation,21255,2025-07,2025-07-29T12:00:00+00:00,0,0,0,0,0,0,0,,,False,resolved,True,False,True
10,0x7ac42386d934093f2fc7aa2f52fc0da59c434f44,broad_outcome_participation,24087,2025-09,2025-09-16T12:00:00+00:00,0,0,0,0,0,0,0,,,False,resolved,True,False,True
10,0x7ac42386d934093f2fc7aa2f52fc0da59c434f44,broad_outcome_participation,27824,2025-10,2025-10-28T12:00:00+00:00,0,0,0,0,0,0,0,,,False,resolved,True,False,True
10,0x7ac42386d934093f2fc7aa2f52fc0da59c434f44,broad_outcome_participation,35090,2025-12,2025-12-09T00:00:00+00:00,0,0,0,0,0,0,0,,,False,resolved,True,False,True
10,0x7ac42386d934093f2fc7aa2f52fc0da59c434f44,broad_outcome_participation,45883,2026-01,2026-01-27T00:00:00+00:00,137,136,136,14,4,247.8409870062072964,0,2026-01-13T09:30:13+00:00,2026-01-27T00:17:31+00:00,True,resolved,True,False,True
10,0x7ac42386d934093f2fc7aa2f52fc0da59c434f44,broad_outcome_participation,67284,2026-03,2026-03-17T00:00:00+00:00,383,381,380,51,4,511.9626880017833238,0,2026-01-15T17:16:46+00:00,2026-03-17T12:39:21+00:00,True,resolved,True,False,True
10,0x7ac42386d934093f2fc7aa2f52fc0da59c434f44,broad_outcome_participation,75478,2026-04,2026-04-28T00:00:00+00:00,580,578,572,77,4,908.6446620035522171,0,2026-01-23T10:04:36+00:00,2026-04-29T03:58:54+00:00,True,resolved,True,False,True
11,0xd4b5cdba4d836300751f0881b5ff3174ddcbfd07,focused_outcome_participation,21255,2025-07,2025-07-29T12:00:00+00:00,0,0,0,0,0,0,0,,,False,resolved,True,False,True
11,0xd4b5cdba4d836300751f0881b5ff3174ddcbfd07,focused_outcome_participation,24087,2025-09,2025-09-16T12:00:00+00:00,0,0,0,0,0,0,0,,,False,resolved,True,False,True
11,0xd4b5cdba4d836300751f0881b5ff3174ddcbfd07,focused_outcome_participation,27824,2025-10,2025-10-28T12:00:00+00:00,0,0,0,0,0,0,0,,,False,resolved,True,False,True
11,0xd4b5cdba4d836300751f0881b5ff3174ddcbfd07,focused_outcome_participation,35090,2025-12,2025-12-09T00:00:00+00:00,0,0,0,0,0,0,0,,,False,resolved,True,False,True
11,0xd4b5cdba4d836300751f0881b5ff3174ddcbfd07,focused_outcome_participation,45883,2026-01,2026-01-27T00:00:00+00:00,0,0,0,0,0,0,0,,,False,resolved,True,False,True
11,0xd4b5cdba4d836300751f0881b5ff3174ddcbfd07,focused_outcome_participation,67284,2026-03,2026-03-17T00:00:00+00:00,0,0,0,0,0,0,0,,,False,resolved,True,False,True
11,0xd4b5cdba4d836300751f0881b5ff3174ddcbfd07,focused_outcome_participation,75478,2026-04,2026-04-28T00:00:00+00:00,0,0,0,0,0,0,0,,,False,resolved,True,False,True
12,0xa8b7f8b34185e9cc62c471e1d353595148a3ee3c,focused_outcome_participation,21255,2025-07,2025-07-29T12:00:00+00:00,7,7,7,3,2,481.740,0,2025-07-04T08:11:43+00:00,2025-07-06T16:43:17+00:00,True,resolved,True,False,True
12,0xa8b7f8b34185e9cc62c471e1d353595148a3ee3c,focused_outcome_participation,24087,2025-09,2025-09-16T12:00:00+00:00,203,163,156,8,4,16723.6189290016020054,0,2025-08-15T06:59:16+00:00,2025-09-17T18:00:26+00:00,True,resolved,True,False,True
12,0xa8b7f8b34185e9cc62c471e1d353595148a3ee3c,focused_outcome_participation,27824,2025-10,2025-10-28T12:00:00+00:00,334,271,248,20,4,21059.7891879895287245,0,2025-09-14T07:30:46+00:00,2025-10-29T18:52:37+00:00,True,resolved,True,False,True
12,0xa8b7f8b34185e9cc62c471e1d353595148a3ee3c,focused_outcome_participation,35090,2025-12,2025-12-09T00:00:00+00:00,666,587,518,46,2,41276.6768599899681309,15,2025-09-17T23:26:06+00:00,2025-12-09T21:32:22+00:00,True,resolved,True,False,True
12,0xa8b7f8b34185e9cc62c471e1d353595148a3ee3c,focused_outcome_participation,45883,2026-01,2026-01-27T00:00:00+00:00,527,527,480,29,2,54701.8333889803665341,6,2025-12-08T14:19:45+00:00,2026-01-21T18:11:56+00:00,True,resolved,True,False,True
12,0xa8b7f8b34185e9cc62c471e1d353595148a3ee3c,focused_outcome_participation,67284,2026-03,2026-03-17T00:00:00+00:00,555,555,489,23,2,51530.8192720157433637,23,2026-02-01T02:15:54+00:00,2026-02-24T06:02:56+00:00,True,resolved,True,False,True
12,0xa8b7f8b34185e9cc62c471e1d353595148a3ee3c,focused_outcome_participation,75478,2026-04,2026-04-28T00:00:00+00:00,21,21,21,5,1,168.4850250000504888,0,2026-03-23T23:53:31+00:00,2026-03-31T01:06:05+00:00,True,resolved,True,False,True
13,0xde242261bcd8d4320113f12230da34d705ca25a8,focused_outcome_participation,21255,2025-07,2025-07-29T12:00:00+00:00,0,0,0,0,0,0,0,,,False,resolved,True,False,True
13,0xde242261bcd8d4320113f12230da34d705ca25a8,focused_outcome_participation,24087,2025-09,2025-09-16T12:00:00+00:00,0,0,0,0,0,0,0,,,False,resolved,True,False,True
13,0xde242261bcd8d4320113f12230da34d705ca25a8,focused_outcome_participation,27824,2025-10,2025-10-28T12:00:00+00:00,0,0,0,0,0,0,0,,,False,resolved,True,False,True
13,0xde242261bcd8d4320113f12230da34d705ca25a8,focused_outcome_participation,35090,2025-12,2025-12-09T00:00:00+00:00,0,0,0,0,0,0,0,,,False,resolved,True,False,True
13,0xde242261bcd8d4320113f12230da34d705ca25a8,focused_outcome_participation,45883,2026-01,2026-01-27T00:00:00+00:00,652,652,648,10,2,29388.3726420587440392,0,2025-12-19T04:41:59+00:00,2026-01-22T15:06:22+00:00,True,resolved,True,False,True
13,0xde242261bcd8d4320113f12230da34d705ca25a8,focused_outcome_participation,67284,2026-03,2026-03-17T00:00:00+00:00,547,524,498,6,2,13434.0625624479320898,0,2026-03-09T15:01:43+00:00,2026-03-18T16:58:23+00:00,True,resolved,True,False,True
13,0xde242261bcd8d4320113f12230da34d705ca25a8,focused_outcome_participation,75478,2026-04,2026-04-28T00:00:00+00:00,2,2,2,2,1,2.6000,0,2026-03-21T21:37:21+00:00,2026-03-23T11:34:21+00:00,True,resolved,True,False,True
14,0x4bac379da2f29d87c01ff737843e396a2cec02b1,focused_outcome_participation,21255,2025-07,2025-07-29T12:00:00+00:00,0,0,0,0,0,0,0,,,False,resolved,True,False,True
14,0x4bac379da2f29d87c01ff737843e396a2cec02b1,focused_outcome_participation,24087,2025-09,2025-09-16T12:00:00+00:00,0,0,0,0,0,0,0,,,False,resolved,True,False,True
14,0x4bac379da2f29d87c01ff737843e396a2cec02b1,focused_outcome_participation,27824,2025-10,2025-10-28T12:00:00+00:00,2603,2603,2593,16,2,20622.8313476287095863,0,2025-09-28T12:08:49+00:00,2025-10-21T23:48:54+00:00,True,resolved,True,False,True
14,0x4bac379da2f29d87c01ff737843e396a2cec02b1,focused_outcome_participation,35090,2025-12,2025-12-09T00:00:00+00:00,20742,20742,20690,36,1,136901.5051699904078342,0,2025-10-09T21:31:53+00:00,2025-11-30T22:37:06+00:00,True,resolved,True,False,True
14,0x4bac379da2f29d87c01ff737843e396a2cec02b1,focused_outcome_participation,45883,2026-01,2026-01-27T00:00:00+00:00,3105,3105,3087,49,1,29790.2744974218858733,0,2025-10-16T03:33:01+00:00,2026-01-09T21:55:42+00:00,True,resolved,True,False,True
14,0x4bac379da2f29d87c01ff737843e396a2cec02b1,focused_outcome_participation,67284,2026-03,2026-03-17T00:00:00+00:00,876,876,874,31,2,3059.8555790660676990,0,2025-12-06T11:35:11+00:00,2026-01-29T05:51:24+00:00,True,resolved,True,False,True
14,0x4bac379da2f29d87c01ff737843e396a2cec02b1,focused_outcome_participation,75478,2026-04,2026-04-28T00:00:00+00:00,3005,3005,2958,23,2,15847.8015188203390788,0,2026-02-23T18:09:10+00:00,2026-03-17T17:28:41+00:00,True,resolved,True,False,True
15,0xc124bd6e5d91489b66c987dfa72bcd8de37a25cb,focused_outcome_participation,21255,2025-07,2025-07-29T12:00:00+00:00,13,13,13,4,1,2184.7809940943045941,0,2025-06-04T20:34:16+00:00,2025-07-01T09:28:13+00:00,True,resolved,True,False,True
15,0xc124bd6e5d91489b66c987dfa72bcd8de37a25cb,focused_outcome_participation,24087,2025-09,2025-09-16T12:00:00+00:00,0,0,0,0,0,0,0,,,False,resolved,True,False,True
15,0xc124bd6e5d91489b66c987dfa72bcd8de37a25cb,focused_outcome_participation,27824,2025-10,2025-10-28T12:00:00+00:00,0,0,0,0,0,0,0,,,False,resolved,True,False,True
15,0xc124bd6e5d91489b66c987dfa72bcd8de37a25cb,focused_outcome_participation,35090,2025-12,2025-12-09T00:00:00+00:00,0,0,0,0,0,0,0,,,False,resolved,True,False,True
15,0xc124bd6e5d91489b66c987dfa72bcd8de37a25cb,focused_outcome_participation,45883,2026-01,2026-01-27T00:00:00+00:00,3,3,3,2,1,73.429999956,0,2026-01-21T15:40:10+00:00,2026-01-25T02:02:24+00:00,True,resolved,True,False,True
15,0xc124bd6e5d91489b66c987dfa72bcd8de37a25cb,focused_outcome_participation,67284,2026-03,2026-03-17T00:00:00+00:00,61,61,60,18,2,2615.8974973683963376,0,2026-01-13T04:23:11+00:00,2026-03-11T15:16:07+00:00,True,resolved,True,False,True
15,0xc124bd6e5d91489b66c987dfa72bcd8de37a25cb,focused_outcome_participation,75478,2026-04,2026-04-28T00:00:00+00:00,41,41,41,13,2,2203.762049002996456,0,2026-02-10T18:05:05+00:00,2026-03-17T18:31:09+00:00,True,resolved,True,False,True
16,0xa3af760e15e6b6bd3c43d8cf2ae6952f0a9bb7a6,focused_outcome_participation,21255,2025-07,2025-07-29T12:00:00+00:00,0,0,0,0,0,0,0,,,False,resolved,True,False,True
16,0xa3af760e15e6b6bd3c43d8cf2ae6952f0a9bb7a6,focused_outcome_participation,24087,2025-09,2025-09-16T12:00:00+00:00,0,0,0,0,0,0,0,,,False,resolved,True,False,True
16,0xa3af760e15e6b6bd3c43d8cf2ae6952f0a9bb7a6,focused_outcome_participation,27824,2025-10,2025-10-28T12:00:00+00:00,0,0,0,0,0,0,0,,,False,resolved,True,False,True
16,0xa3af760e15e6b6bd3c43d8cf2ae6952f0a9bb7a6,focused_outcome_participation,35090,2025-12,2025-12-09T00:00:00+00:00,0,0,0,0,0,0,0,,,False,resolved,True,False,True
16,0xa3af760e15e6b6bd3c43d8cf2ae6952f0a9bb7a6,focused_outcome_participation,45883,2026-01,2026-01-27T00:00:00+00:00,0,0,0,0,0,0,0,,,False,resolved,True,False,True
16,0xa3af760e15e6b6bd3c43d8cf2ae6952f0a9bb7a6,focused_outcome_participation,67284,2026-03,2026-03-17T00:00:00+00:00,280,224,224,25,4,4461.58085,0,2026-02-16T21:37:47+00:00,2026-03-18T16:59:49+00:00,True,resolved,True,False,True
16,0xa3af760e15e6b6bd3c43d8cf2ae6952f0a9bb7a6,focused_outcome_participation,75478,2026-04,2026-04-28T00:00:00+00:00,312,312,312,41,3,4954.2468369994999656,0,2026-03-01T15:07:17+00:00,2026-04-25T16:59:40+00:00,True,resolved,True,False,True
17,0xb661ed6e6d3f76f1db9d0a6acf80b4bbe6ebaa83,focused_outcome_participation,21255,2025-07,2025-07-29T12:00:00+00:00,0,0,0,0,0,0,0,,,False,resolved,True,False,True
17,0xb661ed6e6d3f76f1db9d0a6acf80b4bbe6ebaa83,focused_outcome_participation,24087,2025-09,2025-09-16T12:00:00+00:00,1,0,0,0,0,0,0,2025-09-17T16:40:26+00:00,2025-09-17T16:40:26+00:00,False,resolved,True,False,True
17,0xb661ed6e6d3f76f1db9d0a6acf80b4bbe6ebaa83,focused_outcome_participation,27824,2025-10,2025-10-28T12:00:00+00:00,0,0,0,0,0,0,0,,,False,resolved,True,False,True
17,0xb661ed6e6d3f76f1db9d0a6acf80b4bbe6ebaa83,focused_outcome_participation,35090,2025-12,2025-12-09T00:00:00+00:00,3,2,2,2,1,7099.6899969769150539,0,2025-12-04T17:26:57+00:00,2025-12-10T19:22:30+00:00,True,resolved,True,False,True
17,0xb661ed6e6d3f76f1db9d0a6acf80b4bbe6ebaa83,focused_outcome_participation,45883,2026-01,2026-01-27T00:00:00+00:00,2,2,2,2,1,16966.48792947807055,0,2025-12-10T19:23:20+00:00,2026-01-09T17:47:16+00:00,True,resolved,True,False,True
17,0xb661ed6e6d3f76f1db9d0a6acf80b4bbe6ebaa83,focused_outcome_participation,67284,2026-03,2026-03-17T00:00:00+00:00,96,96,96,11,1,61134.6003605530004053,0,2026-01-09T19:27:46+00:00,2026-02-21T09:22:46+00:00,True,resolved,True,False,True
17,0xb661ed6e6d3f76f1db9d0a6acf80b4bbe6ebaa83,focused_outcome_participation,75478,2026-04,2026-04-28T00:00:00+00:00,73,73,73,16,1,40158.0810698679134487,0,2026-01-29T09:40:18+00:00,2026-03-13T06:10:53+00:00,True,resolved,True,False,True
18,0x80302a5a0f7806838ea65b39d91071e63cb67b74,focused_outcome_participation,21255,2025-07,2025-07-29T12:00:00+00:00,0,0,0,0,0,0,0,,,False,resolved,True,False,True
18,0x80302a5a0f7806838ea65b39d91071e63cb67b74,focused_outcome_participation,24087,2025-09,2025-09-16T12:00:00+00:00,0,0,0,0,0,0,0,,,False,resolved,True,False,True
18,0x80302a5a0f7806838ea65b39d91071e63cb67b74,focused_outcome_participation,27824,2025-10,2025-10-28T12:00:00+00:00,0,0,0,0,0,0,0,,,False,resolved,True,False,True
18,0x80302a5a0f7806838ea65b39d91071e63cb67b74,focused_outcome_participation,35090,2025-12,2025-12-09T00:00:00+00:00,0,0,0,0,0,0,0,,,False,resolved,True,False,True
18,0x80302a5a0f7806838ea65b39d91071e63cb67b74,focused_outcome_participation,45883,2026-01,2026-01-27T00:00:00+00:00,0,0,0,0,0,0,0,,,False,resolved,True,False,True
18,0x80302a5a0f7806838ea65b39d91071e63cb67b74,focused_outcome_participation,67284,2026-03,2026-03-17T00:00:00+00:00,0,0,0,0,0,0,0,,,False,resolved,True,False,True
18,0x80302a5a0f7806838ea65b39d91071e63cb67b74,focused_outcome_participation,75478,2026-04,2026-04-28T00:00:00+00:00,57,57,54,20,2,137.797132999,0,2026-01-28T19:55:42+00:00,2026-03-04T03:30:23+00:00,True,resolved,True,False,True
19,0x095dcfb123a4bc035ee6b0d624bab0cc964352cf,focused_outcome_participation,21255,2025-07,2025-07-29T12:00:00+00:00,0,0,0,0,0,0,0,,,False,resolved,True,False,True
19,0x095dcfb123a4bc035ee6b0d624bab0cc964352cf,focused_outcome_participation,24087,2025-09,2025-09-16T12:00:00+00:00,0,0,0,0,0,0,0,,,False,resolved,True,False,True
19,0x095dcfb123a4bc035ee6b0d624bab0cc964352cf,focused_outcome_participation,27824,2025-10,2025-10-28T12:00:00+00:00,0,0,0,0,0,0,0,,,False,resolved,True,False,True
19,0x095dcfb123a4bc035ee6b0d624bab0cc964352cf,focused_outcome_participation,35090,2025-12,2025-12-09T00:00:00+00:00,0,0,0,0,0,0,0,,,False,resolved,True,False,True
19,0x095dcfb123a4bc035ee6b0d624bab0cc964352cf,focused_outcome_participation,45883,2026-01,2026-01-27T00:00:00+00:00,370,370,369,9,2,261415.7888143243293358,0,2025-12-30T09:36:53+00:00,2026-01-20T14:59:42+00:00,True,resolved,True,False,True
19,0x095dcfb123a4bc035ee6b0d624bab0cc964352cf,focused_outcome_participation,67284,2026-03,2026-03-17T00:00:00+00:00,635,635,635,21,4,507204.0833648986605724,0,2026-01-17T23:22:14+00:00,2026-03-10T22:32:37+00:00,True,resolved,True,False,True
19,0x095dcfb123a4bc035ee6b0d624bab0cc964352cf,focused_outcome_participation,75478,2026-04,2026-04-28T00:00:00+00:00,130,130,130,12,3,24783.2534589483502637,0,2026-03-04T15:26:49+00:00,2026-04-25T02:55:34+00:00,True,resolved,True,False,True
20,0xa815f590e64fa64d417df72c581a32f5ff449cbe,focused_outcome_participation,21255,2025-07,2025-07-29T12:00:00+00:00,0,0,0,0,0,0,0,,,False,resolved,True,False,True
20,0xa815f590e64fa64d417df72c581a32f5ff449cbe,focused_outcome_participation,24087,2025-09,2025-09-16T12:00:00+00:00,15,15,15,9,2,32.4910,0,2025-08-09T00:09:49+00:00,2025-09-13T14:15:23+00:00,True,resolved,True,False,True
20,0xa815f590e64fa64d417df72c581a32f5ff449cbe,focused_outcome_participation,27824,2025-10,2025-10-28T12:00:00+00:00,0,0,0,0,0,0,0,,,False,resolved,True,False,True
20,0xa815f590e64fa64d417df72c581a32f5ff449cbe,focused_outcome_participation,35090,2025-12,2025-12-09T00:00:00+00:00,0,0,0,0,0,0,0,,,False,resolved,True,False,True
20,0xa815f590e64fa64d417df72c581a32f5ff449cbe,focused_outcome_participation,45883,2026-01,2026-01-27T00:00:00+00:00,0,0,0,0,0,0,0,,,False,resolved,True,False,True
20,0xa815f590e64fa64d417df72c581a32f5ff449cbe,focused_outcome_participation,67284,2026-03,2026-03-17T00:00:00+00:00,88,88,88,18,1,795.5238939872324655,0,2026-01-28T20:58:48+00:00,2026-03-04T20:28:31+00:00,True,resolved,True,False,True
20,0xa815f590e64fa64d417df72c581a32f5ff449cbe,focused_outcome_participation,75478,2026-04,2026-04-28T00:00:00+00:00,11,11,11,5,1,50.8523830047276472,0,2026-03-18T22:08:29+00:00,2026-04-02T21:37:43+00:00,True,resolved,True,False,True
