candidate_number,wallet_address,selection_group,selection_cutoff_utc,queried_prior_meetings,meetings_with_any_served_trade,meetings_with_pre_decision_activity,pre_decision_meeting_months,served_prior_trade_rows,pre_decision_trade_rows,history_review_band,verified_original_resolution_timestamps,skill_score_available
1,0x1e9851cf9c439811937fc19c0a144c8a9fd06345,broad_outcome_participation,2026-05-31T00:00:00+00:00,7,3,3,2026-01;2026-03;2026-04,4487,4480,3plus_prior_meetings,0,False
2,0xec829edacf53dad6fdfb89f752ca7b8004a26eaa,broad_outcome_participation,2026-05-31T00:00:00+00:00,7,3,3,2026-01;2026-03;2026-04,3913,3907,3plus_prior_meetings,0,False
3,0xe8dd7741ccb12350957ec71e9ee332e0d1e6ec86,broad_outcome_participation,2026-05-31T00:00:00+00:00,7,7,7,2025-07;2025-09;2025-10;2025-12;2026-01;2026-03;2026-04,35893,35610,3plus_prior_meetings,0,False
4,0x60fd421fb445029d7c8ce20a6a86e0bb364589a9,broad_outcome_participation,2026-05-31T00:00:00+00:00,7,2,2,2026-03;2026-04,2537,2534,1to2_prior_meetings,0,False
5,0x6c3789734ebd5c9494932e4936b7cc20cfdcd40f,broad_outcome_participation,2026-05-31T00:00:00+00:00,7,2,2,2026-03;2026-04,803,799,1to2_prior_meetings,0,False
6,0x21ffd2b7a212a6f277ed3eca1a9f8efcbca90d71,broad_outcome_participation,2026-05-31T00:00:00+00:00,7,7,7,2025-07;2025-09;2025-10;2025-12;2026-01;2026-03;2026-04,7521,7517,3plus_prior_meetings,0,False
7,0xbc54e69667ceb6ccec538e5a0ba1927fc1fe680f,broad_outcome_participation,2026-05-31T00:00:00+00:00,7,7,7,2025-07;2025-09;2025-10;2025-12;2026-01;2026-03;2026-04,7623,6938,3plus_prior_meetings,0,False
8,0xd32ce89f16509d3c8f8b5e9750305a5b2bc2a4c2,broad_outcome_participation,2026-05-31T00:00:00+00:00,7,4,4,2025-12;2026-01;2026-03;2026-04,6814,6813,3plus_prior_meetings,0,False
9,0xa3ad70cf48a2f2b44163e798223c01a2c2536866,broad_outcome_participation,2026-05-31T00:00:00+00:00,7,5,5,2025-10;2025-12;2026-01;2026-03;2026-04,13273,13055,3plus_prior_meetings,0,False
10,0x7ac42386d934093f2fc7aa2f52fc0da59c434f44,broad_outcome_participation,2026-05-31T00:00:00+00:00,7,3,3,2026-01;2026-03;2026-04,1100,1095,3plus_prior_meetings,0,False
11,0xd4b5cdba4d836300751f0881b5ff3174ddcbfd07,focused_outcome_participation,2026-05-31T00:00:00+00:00,7,0,0,,0,0,no_observed_pre_decision_history,0,False
12,0xa8b7f8b34185e9cc62c471e1d353595148a3ee3c,focused_outcome_participation,2026-05-31T00:00:00+00:00,7,7,7,2025-07;2025-09;2025-10;2025-12;2026-01;2026-03;2026-04,2313,2131,3plus_prior_meetings,0,False
13,0xde242261bcd8d4320113f12230da34d705ca25a8,focused_outcome_participation,2026-05-31T00:00:00+00:00,7,3,3,2026-01;2026-03;2026-04,1201,1178,3plus_prior_meetings,0,False
14,0x4bac379da2f29d87c01ff737843e396a2cec02b1,focused_outcome_participation,2026-05-31T00:00:00+00:00,7,5,5,2025-10;2025-12;2026-01;2026-03;2026-04,30331,30331,3plus_prior_meetings,0,False
15,0xc124bd6e5d91489b66c987dfa72bcd8de37a25cb,focused_outcome_participation,2026-05-31T00:00:00+00:00,7,4,4,2025-07;2026-01;2026-03;2026-04,118,118,3plus_prior_meetings,0,False
16,0xa3af760e15e6b6bd3c43d8cf2ae6952f0a9bb7a6,focused_outcome_participation,2026-05-31T00:00:00+00:00,7,2,2,2026-03;2026-04,592,536,1to2_prior_meetings,0,False
17,0xb661ed6e6d3f76f1db9d0a6acf80b4bbe6ebaa83,focused_outcome_participation,2026-05-31T00:00:00+00:00,7,5,4,2025-12;2026-01;2026-03;2026-04,175,173,3plus_prior_meetings,0,False
18,0x80302a5a0f7806838ea65b39d91071e63cb67b74,focused_outcome_participation,2026-05-31T00:00:00+00:00,7,1,1,2026-04,57,57,1to2_prior_meetings,0,False
19,0x095dcfb123a4bc035ee6b0d624bab0cc964352cf,focused_outcome_participation,2026-05-31T00:00:00+00:00,7,3,3,2026-01;2026-03;2026-04,1135,1135,3plus_prior_meetings,0,False
20,0xa815f590e64fa64d417df72c581a32f5ff449cbe,focused_outcome_participation,2026-05-31T00:00:00+00:00,7,3,3,2025-09;2026-03;2026-04,114,114,3plus_prior_meetings,0,False
