candidate_number,wallet_address,selection_group,pre_decision_meetings,rows_2025_07,rows_2025_09,rows_2025_10,rows_2025_12,rows_2026_01,rows_2026_03,rows_2026_04
1,0x1e9851cf9c439811937fc19c0a144c8a9fd06345,broad_outcome_participation,3,0,0,0,0,1298,1296,1886
2,0xec829edacf53dad6fdfb89f752ca7b8004a26eaa,broad_outcome_participation,3,0,0,0,0,1079,1269,1559
3,0xe8dd7741ccb12350957ec71e9ee332e0d1e6ec86,broad_outcome_participation,7,2789,1470,757,5989,9802,6001,8802
4,0x60fd421fb445029d7c8ce20a6a86e0bb364589a9,broad_outcome_participation,2,0,0,0,0,0,784,1750
5,0x6c3789734ebd5c9494932e4936b7cc20cfdcd40f,broad_outcome_participation,2,0,0,0,0,0,270,529
6,0x21ffd2b7a212a6f277ed3eca1a9f8efcbca90d71,broad_outcome_participation,7,540,4191,568,465,841,430,482
7,0xbc54e69667ceb6ccec538e5a0ba1927fc1fe680f,broad_outcome_participation,7,855,1070,641,532,333,1410,2097
8,0xd32ce89f16509d3c8f8b5e9750305a5b2bc2a4c2,broad_outcome_participation,4,0,0,0,21,2302,1657,2833
9,0xa3ad70cf48a2f2b44163e798223c01a2c2536866,broad_outcome_participation,5,0,0,1390,4692,3158,1257,2558
10,0x7ac42386d934093f2fc7aa2f52fc0da59c434f44,broad_outcome_participation,3,0,0,0,0,136,381,578
11,0xd4b5cdba4d836300751f0881b5ff3174ddcbfd07,focused_outcome_participation,0,0,0,0,0,0,0,0
12,0xa8b7f8b34185e9cc62c471e1d353595148a3ee3c,focused_outcome_participation,7,7,163,271,587,527,555,21
13,0xde242261bcd8d4320113f12230da34d705ca25a8,focused_outcome_participation,3,0,0,0,0,652,524,2
14,0x4bac379da2f29d87c01ff737843e396a2cec02b1,focused_outcome_participation,5,0,0,2603,20742,3105,876,3005
15,0xc124bd6e5d91489b66c987dfa72bcd8de37a25cb,focused_outcome_participation,4,13,0,0,0,3,61,41
16,0xa3af760e15e6b6bd3c43d8cf2ae6952f0a9bb7a6,focused_outcome_participation,2,0,0,0,0,0,224,312
17,0xb661ed6e6d3f76f1db9d0a6acf80b4bbe6ebaa83,focused_outcome_participation,4,0,0,0,2,2,96,73
18,0x80302a5a0f7806838ea65b39d91071e63cb67b74,focused_outcome_participation,1,0,0,0,0,0,0,57
19,0x095dcfb123a4bc035ee6b0d624bab0cc964352cf,focused_outcome_participation,3,0,0,0,0,370,635,130
20,0xa815f590e64fa64d417df72c581a32f5ff449cbe,focused_outcome_participation,3,0,15,0,0,0,88,11
