event_id,meeting_month,market_id,rate_outcome,condition_id,market_end_date_utc,market_closed_at_utc,decision_cutoff_utc,closed_before_selection_cutoff,current_resolution_status,current_final_yes_outcome,team_final_yes_outcome,original_resolution_time_verified,metadata_collected_at_utc,token_id,token_outcome
21255,2025-07,528972,50+ bps decrease,0x0d09f8cb4ac601074c02828328a893fdab030ece3ca682faaef89d82c43daec2,2025-07-30T12:00:00+00:00,2025-07-30T21:08:11+00:00,2025-07-29T12:00:00+00:00,True,resolved,0,0,False,2026-10-07T15:24:10.896796+00:00,17028788563275937059830939874003546190073058810431474110375077031370800019934,YES
21255,2025-07,528972,50+ bps decrease,0x0d09f8cb4ac601074c02828328a893fdab030ece3ca682faaef89d82c43daec2,2025-07-30T12:00:00+00:00,2025-07-30T21:08:11+00:00,2025-07-29T12:00:00+00:00,True,resolved,0,0,False,2026-10-07T15:24:10.896796+00:00,95166409249079739012834275127072060861562026268167815182138169511714415463807,NO
21255,2025-07,528973,25 bps decrease,0x812d8819cda5c57e824719de0381d8e207a45b5b71da31a6425f6c2f181a3fc4,2025-07-30T12:00:00+00:00,2025-07-30T21:07:17+00:00,2025-07-29T12:00:00+00:00,True,resolved,0,0,False,2026-10-07T15:24:12.856609+00:00,44274863594881419064755425975616427905570818290480331177906247008783209380302,YES
21255,2025-07,528973,25 bps decrease,0x812d8819cda5c57e824719de0381d8e207a45b5b71da31a6425f6c2f181a3fc4,2025-07-30T12:00:00+00:00,2025-07-30T21:07:17+00:00,2025-07-29T12:00:00+00:00,True,resolved,0,0,False,2026-10-07T15:24:12.856609+00:00,35582864406073880931833314376109630127445954336393725126252111896715841195740,NO
21255,2025-07,528974,No change,0x4a68d828f7263f34391484404380c34efa9566f12a08a88553ddbe8e285c3ae9,2025-07-30T12:00:00+00:00,2025-07-30T21:10:09+00:00,2025-07-29T12:00:00+00:00,True,resolved,1,1,False,2026-10-07T15:24:14.911172+00:00,73793697275923646355831824753345919471011673129768736520616870696302293395247,YES
21255,2025-07,528974,No change,0x4a68d828f7263f34391484404380c34efa9566f12a08a88553ddbe8e285c3ae9,2025-07-30T12:00:00+00:00,2025-07-30T21:10:09+00:00,2025-07-29T12:00:00+00:00,True,resolved,1,1,False,2026-10-07T15:24:14.911172+00:00,108985814621083654149844269248799508997175971432517497471669614770134583560621,NO
21255,2025-07,528975,25+ bps increase,0x362c61cfb577a719526b03e7596a3ef3d6d9aadf5292e2e2391c2cdf62892730,2025-07-30T12:00:00+00:00,2025-07-30T21:09:13+00:00,2025-07-29T12:00:00+00:00,True,resolved,0,0,False,2026-10-07T15:24:16.072044+00:00,100067677053694812730460296850221451830656965871151478092125776330632208052828,YES
21255,2025-07,528975,25+ bps increase,0x362c61cfb577a719526b03e7596a3ef3d6d9aadf5292e2e2391c2cdf62892730,2025-07-30T12:00:00+00:00,2025-07-30T21:09:13+00:00,2025-07-29T12:00:00+00:00,True,resolved,0,0,False,2026-10-07T15:24:16.072044+00:00,57796925129236545184483223935379032609281052550974458723714516669872225271196,NO
24087,2025-09,542537,50+ bps decrease,0x6c3d5fba5442f3e725eb89b7cffcc341ca3105cddaac09c1e4bc8e7010f0fe40,2025-09-17T12:00:00+00:00,2025-09-17T21:27:38+00:00,2025-09-16T12:00:00+00:00,True,resolved,0,0,False,2026-10-07T15:24:17.208301+00:00,7988364699307342268260495915445731509602502693363579435248273813409237524599,YES
24087,2025-09,542537,50+ bps decrease,0x6c3d5fba5442f3e725eb89b7cffcc341ca3105cddaac09c1e4bc8e7010f0fe40,2025-09-17T12:00:00+00:00,2025-09-17T21:27:38+00:00,2025-09-16T12:00:00+00:00,True,resolved,0,0,False,2026-10-07T15:24:17.208301+00:00,27120152309306977992209464424197509161348402683341807871062277866907268946377,NO
24087,2025-09,542538,25 bps decrease,0x9f41a3e4a2ef548cf207c22a48dbaf73e28dda5ec014c145217f428aaf3769e3,2025-09-17T12:00:00+00:00,2025-09-17T21:08:44+00:00,2025-09-16T12:00:00+00:00,True,resolved,1,1,False,2026-10-07T15:24:18.426577+00:00,56831000532202254811410354120402056896323359630546371545035370679912675847818,YES
24087,2025-09,542538,25 bps decrease,0x9f41a3e4a2ef548cf207c22a48dbaf73e28dda5ec014c145217f428aaf3769e3,2025-09-17T12:00:00+00:00,2025-09-17T21:08:44+00:00,2025-09-16T12:00:00+00:00,True,resolved,1,1,False,2026-10-07T15:24:18.426577+00:00,79553968714861287125371173419763227479205479532937949925802161725185793021612,NO
24087,2025-09,542539,No change,0x02dc46f4354c1cc447577db82ba62cca1bda737bd67b73fe966ce1bfe580868f,2025-09-17T12:00:00+00:00,2025-09-17T21:27:42+00:00,2025-09-16T12:00:00+00:00,True,resolved,0,0,False,2026-10-07T15:24:19.563069+00:00,20687552179259492015264396642668768958132112743605647653821858729131283300433,YES
24087,2025-09,542539,No change,0x02dc46f4354c1cc447577db82ba62cca1bda737bd67b73fe966ce1bfe580868f,2025-09-17T12:00:00+00:00,2025-09-17T21:27:42+00:00,2025-09-16T12:00:00+00:00,True,resolved,0,0,False,2026-10-07T15:24:19.563069+00:00,112366758121468199816335075341769488016411976085810291047672574777931003289565,NO
24087,2025-09,542540,25+ bps increase,0xe8d095422da9f6c3ceed727a4b6251177f618b002d2a698bfccb48716c7aa469,2025-09-17T12:00:00+00:00,2025-09-17T21:26:38+00:00,2025-09-16T12:00:00+00:00,True,resolved,0,0,False,2026-10-07T15:24:20.775861+00:00,97074764040588542658874497669096893626986100487337837811070855646477555671862,YES
24087,2025-09,542540,25+ bps increase,0xe8d095422da9f6c3ceed727a4b6251177f618b002d2a698bfccb48716c7aa469,2025-09-17T12:00:00+00:00,2025-09-17T21:26:38+00:00,2025-09-16T12:00:00+00:00,True,resolved,0,0,False,2026-10-07T15:24:20.775861+00:00,62835854561266997596361442356625985627589507414091189314191988485055558104085,NO
27824,2025-10,553810,50+ bps decrease,0x6a8c775d3a7ab901a5c4595dbc33478d654dc3b293be2b80fd64500cabbfcc37,2025-10-29T12:00:00+00:00,2025-10-29T21:16:17+00:00,2025-10-28T12:00:00+00:00,True,resolved,0,0,False,2026-10-07T15:24:22.194604+00:00,56606480957388905488783515430819601640929432353106353680720689974997213777138,YES
27824,2025-10,553810,50+ bps decrease,0x6a8c775d3a7ab901a5c4595dbc33478d654dc3b293be2b80fd64500cabbfcc37,2025-10-29T12:00:00+00:00,2025-10-29T21:16:17+00:00,2025-10-28T12:00:00+00:00,True,resolved,0,0,False,2026-10-07T15:24:22.194604+00:00,53676785636700157256852250095826025029451888648974703429616395645714952970781,NO
27824,2025-10,553811,25 bps decrease,0x53f82bd52566e30ae3f8131cb92095dd92ecdf2b0204af0edc226ee194e923fe,2025-10-29T12:00:00+00:00,2025-10-29T21:15:21+00:00,2025-10-28T12:00:00+00:00,True,resolved,1,1,False,2026-10-07T15:24:23.594218+00:00,78970393675220813117457137074949547635027336958817818487077806376171274244367,YES
27824,2025-10,553811,25 bps decrease,0x53f82bd52566e30ae3f8131cb92095dd92ecdf2b0204af0edc226ee194e923fe,2025-10-29T12:00:00+00:00,2025-10-29T21:15:21+00:00,2025-10-28T12:00:00+00:00,True,resolved,1,1,False,2026-10-07T15:24:23.594218+00:00,39843382223032680172636234017143696377311711066819162700626001781924811983436,NO
27824,2025-10,553812,No change,0x6ef34d5c7937cb8a1eb22234ddce8fe3eb1595e1f35c7d4f2101c58f3506e580,2025-10-29T12:00:00+00:00,2025-10-29T21:19:07+00:00,2025-10-28T12:00:00+00:00,True,resolved,0,0,False,2026-10-07T15:24:24.909805+00:00,93649474745035786731233919003082633017639813911207879453624389467235918905276,YES
27824,2025-10,553812,No change,0x6ef34d5c7937cb8a1eb22234ddce8fe3eb1595e1f35c7d4f2101c58f3506e580,2025-10-29T12:00:00+00:00,2025-10-29T21:19:07+00:00,2025-10-28T12:00:00+00:00,True,resolved,0,0,False,2026-10-07T15:24:24.909805+00:00,20248532312255939043525932145429175719961770380347060601058184144030320732306,NO
27824,2025-10,553813,25+ bps increase,0xd6e0317cee513cc3afdc1954ac576b241ad2287536e88b17fd3a77b4c3d0976e,2025-10-29T12:00:00+00:00,2025-10-31T03:33:31+00:00,2025-10-28T12:00:00+00:00,True,resolved,0,0,False,2026-10-07T15:24:26.067322+00:00,60156625646569576964584621291475860303247825215466310280401996727843189574431,YES
27824,2025-10,553813,25+ bps increase,0xd6e0317cee513cc3afdc1954ac576b241ad2287536e88b17fd3a77b4c3d0976e,2025-10-29T12:00:00+00:00,2025-10-31T03:33:31+00:00,2025-10-28T12:00:00+00:00,True,resolved,0,0,False,2026-10-07T15:24:26.067322+00:00,75662380910516595836713877605277832183886163391379455962356909608435996726535,NO
35090,2025-12,570360,50+ bps decrease,0x6903b766f5fda3d5b02f4472a6b4154419e78b7fd126c0b29ce17bb8e20b20cc,2025-12-10T00:00:00+00:00,2025-12-10T22:17:52+00:00,2025-12-09T00:00:00+00:00,True,resolved,0,0,False,2026-10-07T15:24:27.403899+00:00,74018646712472971445258547247048869505144598783748525202442089895996249694683,YES
35090,2025-12,570360,50+ bps decrease,0x6903b766f5fda3d5b02f4472a6b4154419e78b7fd126c0b29ce17bb8e20b20cc,2025-12-10T00:00:00+00:00,2025-12-10T22:17:52+00:00,2025-12-09T00:00:00+00:00,True,resolved,0,0,False,2026-10-07T15:24:27.403899+00:00,21489772516410038586556744342392982044189999368638682594741395650226594484811,NO
35090,2025-12,570361,25 bps decrease,0xcb111226a8271fed0c71bb5ec1bd67b2a4fd72f1eb08466e2180b9efa99d3f32,2025-12-10T00:00:00+00:00,2025-12-10T22:16:48+00:00,2025-12-09T00:00:00+00:00,True,resolved,1,1,False,2026-10-07T15:24:28.597704+00:00,87769991026114894163580777793845523168226980076553814689875238288185044414090,YES
35090,2025-12,570361,25 bps decrease,0xcb111226a8271fed0c71bb5ec1bd67b2a4fd72f1eb08466e2180b9efa99d3f32,2025-12-10T00:00:00+00:00,2025-12-10T22:16:48+00:00,2025-12-09T00:00:00+00:00,True,resolved,1,1,False,2026-10-07T15:24:28.597704+00:00,13411284055273560855537595688801764123705139415061660246624128667183605973730,NO
35090,2025-12,570362,No change,0x58f4542341fcc66a2197877b7487ebe901b689ec42bcdbb0a070f5536d91459e,2025-12-10T00:00:00+00:00,2025-12-10T22:17:52+00:00,2025-12-09T00:00:00+00:00,True,resolved,0,0,False,2026-10-07T15:24:29.750415+00:00,80746058984644290629624903019922696017323803605256698757445938534814122585786,YES
35090,2025-12,570362,No change,0x58f4542341fcc66a2197877b7487ebe901b689ec42bcdbb0a070f5536d91459e,2025-12-10T00:00:00+00:00,2025-12-10T22:17:52+00:00,2025-12-09T00:00:00+00:00,True,resolved,0,0,False,2026-10-07T15:24:29.750415+00:00,85970682092909806158465981896969493051954703765750954325716965011253694472992,NO
35090,2025-12,570363,25+ bps increase,0xfcd2fb666c5a346faee448e63267346a3ec394a52bce4c199877559da91cd2c1,2025-12-10T00:00:00+00:00,2025-12-10T22:18:48+00:00,2025-12-09T00:00:00+00:00,True,resolved,0,0,False,2026-10-07T15:24:30.933061+00:00,111653286751222233434552489231342053782305860121514128195211070982702807638967,YES
35090,2025-12,570363,25+ bps increase,0xfcd2fb666c5a346faee448e63267346a3ec394a52bce4c199877559da91cd2c1,2025-12-10T00:00:00+00:00,2025-12-10T22:18:48+00:00,2025-12-09T00:00:00+00:00,True,resolved,0,0,False,2026-10-07T15:24:30.933061+00:00,83234538869110488222137558986831878044545184788704562505964003874631215840521,NO
45883,2026-01,601697,50+ bps decrease,0x17815081230e3b9c78b098162c33b1ffa68c4ec29c123d3d14989599e0c2e113,2026-01-28T00:00:00+00:00,2026-01-28T22:53:04+00:00,2026-01-27T00:00:00+00:00,True,resolved,0,0,False,2026-10-07T15:24:32.111620+00:00,11862165566757345985240476164489718219056735011698825377388402888080786399275,YES
45883,2026-01,601697,50+ bps decrease,0x17815081230e3b9c78b098162c33b1ffa68c4ec29c123d3d14989599e0c2e113,2026-01-28T00:00:00+00:00,2026-01-28T22:53:04+00:00,2026-01-27T00:00:00+00:00,True,resolved,0,0,False,2026-10-07T15:24:32.111620+00:00,71478852790279095447182996049071040792010759617668969799049179229104800573786,NO
45883,2026-01,601698,25 bps decrease,0x35cc41270f5cdfd59b45e68ab85dc51b0b900d286a6c74ea006b8572d9ff5934,2026-01-28T00:00:00+00:00,2026-01-28T22:54:06+00:00,2026-01-27T00:00:00+00:00,True,resolved,0,0,False,2026-10-07T15:24:33.248066+00:00,92703761682322480664976766247614127878023988651992837287050266308961660624165,YES
45883,2026-01,601698,25 bps decrease,0x35cc41270f5cdfd59b45e68ab85dc51b0b900d286a6c74ea006b8572d9ff5934,2026-01-28T00:00:00+00:00,2026-01-28T22:54:06+00:00,2026-01-27T00:00:00+00:00,True,resolved,0,0,False,2026-10-07T15:24:33.248066+00:00,48193521645113703700467246669338225849301704920590102230072263970163239985027,NO
45883,2026-01,601699,No change,0xe93c89c41d1bb08d3bb40066d8565df301a696563b2542256e6e8bbbb1ec490d,2026-01-28T00:00:00+00:00,2026-01-28T22:52:08+00:00,2026-01-27T00:00:00+00:00,True,resolved,1,1,False,2026-10-07T15:24:34.603259+00:00,112838095111461683880944516726938163688341306245473734071798778736646352193304,YES
45883,2026-01,601699,No change,0xe93c89c41d1bb08d3bb40066d8565df301a696563b2542256e6e8bbbb1ec490d,2026-01-28T00:00:00+00:00,2026-01-28T22:52:08+00:00,2026-01-27T00:00:00+00:00,True,resolved,1,1,False,2026-10-07T15:24:34.603259+00:00,7321318078891059430231591636389479745928915782241484131001985601124919020061,NO
45883,2026-01,601700,25+ bps increase,0x7c6c69d91b21cbbea08a13d0ad51c0e96a956045aaadc77bce507c6b0475b66e,2026-01-28T00:00:00+00:00,2026-01-28T23:04:04+00:00,2026-01-27T00:00:00+00:00,True,resolved,0,0,False,2026-10-07T15:24:35.825068+00:00,16419649354067298412736919830777830730026677464626899811394461690794060330642,YES
45883,2026-01,601700,25+ bps increase,0x7c6c69d91b21cbbea08a13d0ad51c0e96a956045aaadc77bce507c6b0475b66e,2026-01-28T00:00:00+00:00,2026-01-28T23:04:04+00:00,2026-01-27T00:00:00+00:00,True,resolved,0,0,False,2026-10-07T15:24:35.825068+00:00,42139849929574046088630785796780813725435914859433767469767950066058132350666,NO
67284,2026-03,654412,50+ bps decrease,0xdeb615a52cd114e5aa27d8344ae506a72bea81f6ed13f5915f050b615a193c20,2026-03-18T00:00:00+00:00,2026-03-18T21:18:09+00:00,2026-03-17T00:00:00+00:00,True,resolved,0,0,False,2026-10-07T15:24:37.131491+00:00,46553455570564517989191023458705371521436514261892866503067981558938998232024,YES
67284,2026-03,654412,50+ bps decrease,0xdeb615a52cd114e5aa27d8344ae506a72bea81f6ed13f5915f050b615a193c20,2026-03-18T00:00:00+00:00,2026-03-18T21:18:09+00:00,2026-03-17T00:00:00+00:00,True,resolved,0,0,False,2026-10-07T15:24:37.131491+00:00,48458075019957098166340475646923389496510427632693703161736892736757168972646,NO
67284,2026-03,654413,25 bps decrease,0xd6c49a94948e365aa74c09eef54d907b7ca534b243c387c375305d5cdd1afef3,2026-03-18T00:00:00+00:00,2026-03-18T21:18:07+00:00,2026-03-17T00:00:00+00:00,True,resolved,0,0,False,2026-10-07T15:24:38.548639+00:00,62938043365772447095885755955446362343142416536419862840923032141775380249586,YES
67284,2026-03,654413,25 bps decrease,0xd6c49a94948e365aa74c09eef54d907b7ca534b243c387c375305d5cdd1afef3,2026-03-18T00:00:00+00:00,2026-03-18T21:18:07+00:00,2026-03-17T00:00:00+00:00,True,resolved,0,0,False,2026-10-07T15:24:38.548639+00:00,89036168105179001192755120118050209760422683300339582903158940882158509550672,NO
67284,2026-03,654414,No change,0x257b18205f908aef01ef2d1d50e6fea7d29cf5486fe04031d8b101394476faed,2026-03-18T00:00:00+00:00,2026-03-18T21:07:13+00:00,2026-03-17T00:00:00+00:00,True,resolved,1,1,False,2026-10-07T15:24:39.501433+00:00,102559817034631022221500208641784929295731053857601013029449249654006364919935,YES
67284,2026-03,654414,No change,0x257b18205f908aef01ef2d1d50e6fea7d29cf5486fe04031d8b101394476faed,2026-03-18T00:00:00+00:00,2026-03-18T21:07:13+00:00,2026-03-17T00:00:00+00:00,True,resolved,1,1,False,2026-10-07T15:24:39.501433+00:00,114350083305515876605975857295292847572608542141507135338338719165921048222327,NO
67284,2026-03,654415,25+ bps increase,0x25aa90b3cd98305e849189b4e8b770fc77fe89bccb7cf9656468414e01145d38,2026-03-18T00:00:00+00:00,2026-03-18T21:19:03+00:00,2026-03-17T00:00:00+00:00,True,resolved,0,0,False,2026-10-07T15:24:40.405913+00:00,54073086346734626735797775941991553522163760164405051969883391401961188364109,YES
67284,2026-03,654415,25+ bps increase,0x25aa90b3cd98305e849189b4e8b770fc77fe89bccb7cf9656468414e01145d38,2026-03-18T00:00:00+00:00,2026-03-18T21:19:03+00:00,2026-03-17T00:00:00+00:00,True,resolved,0,0,False,2026-10-07T15:24:40.405913+00:00,111080671036126109659854287535401661966194360665829017654832975124868412594547,NO
75478,2026-04,669660,50+ bps decrease,0xd72622d154dfe65b9c019d6afcfe75a55717e5c502db611f555b101aafbf6ec5,2026-04-29T00:00:00+00:00,2026-04-29T21:24:08+00:00,2026-04-28T00:00:00+00:00,True,resolved,0,0,False,2026-10-07T15:24:41.671901+00:00,18690049947242812495755151360212639738977254879109748949267393375856311641700,YES
75478,2026-04,669660,50+ bps decrease,0xd72622d154dfe65b9c019d6afcfe75a55717e5c502db611f555b101aafbf6ec5,2026-04-29T00:00:00+00:00,2026-04-29T21:24:08+00:00,2026-04-28T00:00:00+00:00,True,resolved,0,0,False,2026-10-07T15:24:41.671901+00:00,44217754360633979680316989769899520588351517398269898942558308875588541304698,NO
75478,2026-04,669661,25 bps decrease,0x0d14f5dc9fb3250ec888b1ac8d9fe9a0ce06f9d3ea60fdf138e8690622fea84c,2026-04-29T00:00:00+00:00,2026-04-29T21:24:18+00:00,2026-04-28T00:00:00+00:00,True,resolved,0,0,False,2026-10-07T15:24:42.789522+00:00,83479140651306794046790588004449066364152228067472874205697111967337978544729,YES
75478,2026-04,669661,25 bps decrease,0x0d14f5dc9fb3250ec888b1ac8d9fe9a0ce06f9d3ea60fdf138e8690622fea84c,2026-04-29T00:00:00+00:00,2026-04-29T21:24:18+00:00,2026-04-28T00:00:00+00:00,True,resolved,0,0,False,2026-10-07T15:24:42.789522+00:00,86189905157402748775272356734086074576046362545577080735663677743589826713172,NO
75478,2026-04,669662,No change,0x36e8ca24d2a13435f519f15580d42b45cdbe3bc425fb39a7c2733260357af0fa,2026-04-29T00:00:00+00:00,2026-04-29T21:24:28+00:00,2026-04-28T00:00:00+00:00,True,resolved,1,1,False,2026-10-07T15:24:43.914735+00:00,63586620628756015058616403521099137018911742768824051367331188904593189743777,YES
75478,2026-04,669662,No change,0x36e8ca24d2a13435f519f15580d42b45cdbe3bc425fb39a7c2733260357af0fa,2026-04-29T00:00:00+00:00,2026-04-29T21:24:28+00:00,2026-04-28T00:00:00+00:00,True,resolved,1,1,False,2026-10-07T15:24:43.914735+00:00,31766935524058663070405983804663917978960087327501512757848582448134393241922,NO
75478,2026-04,669663,25+ bps increase,0xd4d00e5bf8b960cc37c74c1ec19e41e00b0706add203ddcfbb65ad006c5c223a,2026-04-29T00:00:00+00:00,2026-04-29T21:24:38+00:00,2026-04-28T00:00:00+00:00,True,resolved,0,0,False,2026-10-07T15:24:45.087670+00:00,9556122149160720922715284597610520228366807023831966638741974320131898296289,YES
75478,2026-04,669663,25+ bps increase,0xd4d00e5bf8b960cc37c74c1ec19e41e00b0706add203ddcfbb65ad006c5c223a,2026-04-29T00:00:00+00:00,2026-04-29T21:24:38+00:00,2026-04-28T00:00:00+00:00,True,resolved,0,0,False,2026-10-07T15:24:45.087670+00:00,30695356184876659373803609107050405812738015124680927512315982415984867952338,NO
