candidate_number,wallet_address,event_id,meeting_month,decision_cutoff_utc,window_days,participant_rows,unique_transactions,active_days,markets_with_activity,markets_with_both_directions,duplicate_candidate_rows,gross_token_shares,absolute_net_flow_shares,netting_ratio,strongest_positive_flow_outcome,strongest_negative_flow_outcome,actual_rate_outcome,baseline_probability_sum,flow_alignment_score,status,wallet_forecast_available,wallet_pnl_available
3,0xe8dd7741ccb12350957ec71e9ee332e0d1e6ec86,21255,2025-07,2025-07-29T12:00:00+00:00,1,0,0,0,0,0,0,0,0,,,,No change,1.0010,,no_window_activity,False,False
3,0xe8dd7741ccb12350957ec71e9ee332e0d1e6ec86,21255,2025-07,2025-07-29T12:00:00+00:00,7,0,0,0,0,0,0,0,0,,,,No change,1.0010,,no_window_activity,False,False
3,0xe8dd7741ccb12350957ec71e9ee332e0d1e6ec86,21255,2025-07,2025-07-29T12:00:00+00:00,30,561,561,12,4,1,0,96828.695053,90963.235053,0.9394243617887291450659058795691399990761,,50+ bps decrease,No change,1.0010,0.0002388953953664101746448225987536484124469,scored,False,False
3,0xe8dd7741ccb12350957ec71e9ee332e0d1e6ec86,24087,2025-09,2025-09-16T12:00:00+00:00,1,214,214,1,4,1,0,38593.355384,34637.735384,0.8975051544328815335638347874002517179007,,50+ bps decrease,25 bps decrease,0.9985,0.003804731396816450490569762893669416634831,scored,False,False
3,0xe8dd7741ccb12350957ec71e9ee332e0d1e6ec86,24087,2025-09,2025-09-16T12:00:00+00:00,7,219,218,1,4,1,0,39893.355384,35937.735384,0.9008451417053157245149915765731720131311,,50+ bps decrease,25 bps decrease,0.9985,0.003851828191910607024812199988497212240411,scored,False,False
3,0xe8dd7741ccb12350957ec71e9ee332e0d1e6ec86,24087,2025-09,2025-09-16T12:00:00+00:00,30,219,218,1,4,1,0,39893.355384,35937.735384,0.9008451417053157245149915765731720131311,,50+ bps decrease,25 bps decrease,0.9985,0.003851828191910607024812199988497212240411,scored,False,False
3,0xe8dd7741ccb12350957ec71e9ee332e0d1e6ec86,27824,2025-10,2025-10-28T12:00:00+00:00,1,0,0,0,0,0,0,0,0,,,,25 bps decrease,1.0010,,no_window_activity,False,False
3,0xe8dd7741ccb12350957ec71e9ee332e0d1e6ec86,27824,2025-10,2025-10-28T12:00:00+00:00,7,0,0,0,0,0,0,0,0,,,,25 bps decrease,1.0010,,no_window_activity,False,False
3,0xe8dd7741ccb12350957ec71e9ee332e0d1e6ec86,27824,2025-10,2025-10-28T12:00:00+00:00,30,410,410,12,4,0,0,73956.422288,73956.422288,1,,50+ bps decrease,25 bps decrease,1.0010,0.0002771136756614761786271226122241106753306,scored,False,False
3,0xe8dd7741ccb12350957ec71e9ee332e0d1e6ec86,35090,2025-12,2025-12-09T00:00:00+00:00,1,19,19,1,3,0,0,20971.505207,20971.505207,1,,50+ bps decrease,25 bps decrease,0.9985,-0.0005793679284853823701983166858529440795232,scored,False,False
3,0xe8dd7741ccb12350957ec71e9ee332e0d1e6ec86,35090,2025-12,2025-12-09T00:00:00+00:00,7,176,170,5,4,1,0,123628.789314,121906.189314,0.9860663522666647279726025255865185815727,,50+ bps decrease,25 bps decrease,0.9985,-0.0004046706981893465022014022826734934954392,scored,False,False
3,0xe8dd7741ccb12350957ec71e9ee332e0d1e6ec86,35090,2025-12,2025-12-09T00:00:00+00:00,30,3501,3302,26,4,2,10,1186934.158077,1182357.558077,0.9961441837621265069787605345524443478351,,50+ bps decrease,25 bps decrease,0.9985,-0.0003771172799152537064709915144271495920578,scored,False,False
3,0xe8dd7741ccb12350957ec71e9ee332e0d1e6ec86,45883,2026-01,2026-01-27T00:00:00+00:00,1,78,70,1,4,0,0,54587.218324,54587.218324,1,,50+ bps decrease,No change,0.9975,-0.0007335989699880644901864591300400625264878,scored,False,False
3,0xe8dd7741ccb12350957ec71e9ee332e0d1e6ec86,45883,2026-01,2026-01-27T00:00:00+00:00,7,110,102,4,4,0,0,72495.490212,72495.490212,1,,50+ bps decrease,No change,0.9975,-0.0008774257654508678777730312590771836023956,scored,False,False
3,0xe8dd7741ccb12350957ec71e9ee332e0d1e6ec86,45883,2026-01,2026-01-27T00:00:00+00:00,30,6273,5804,22,4,1,18,2537025.051776,2533256.851776,0.9985147170709401795153777615166586926473,,No change,No change,0.9975,-0.0007777605198351105428670653748050662307596,scored,False,False
3,0xe8dd7741ccb12350957ec71e9ee332e0d1e6ec86,67284,2026-03,2026-03-17T00:00:00+00:00,1,0,0,0,0,0,0,0,0,,,,No change,0.9990,,no_window_activity,False,False
3,0xe8dd7741ccb12350957ec71e9ee332e0d1e6ec86,67284,2026-03,2026-03-17T00:00:00+00:00,7,29,27,2,4,0,0,23799.321849,23799.321849,1,,25+ bps increase,No change,0.9990,-0.0002490330509879227105367257643325129352092,scored,False,False
3,0xe8dd7741ccb12350957ec71e9ee332e0d1e6ec86,67284,2026-03,2026-03-17T00:00:00+00:00,30,2207,2054,20,4,0,0,952684.066462,952684.066462,1,,25 bps decrease,No change,0.9990,-0.0002500678950039966686166382666245969530254,scored,False,False
3,0xe8dd7741ccb12350957ec71e9ee332e0d1e6ec86,75478,2026-04,2026-04-28T00:00:00+00:00,1,0,0,0,0,0,0,0,0,,,,No change,1.0000,,no_window_activity,False,False
3,0xe8dd7741ccb12350957ec71e9ee332e0d1e6ec86,75478,2026-04,2026-04-28T00:00:00+00:00,7,0,0,0,0,0,0,0,0,,,,No change,1.0000,,no_window_activity,False,False
3,0xe8dd7741ccb12350957ec71e9ee332e0d1e6ec86,75478,2026-04,2026-04-28T00:00:00+00:00,30,2103,1905,19,4,0,7,1225346.178654,1225346.178654,1,,50+ bps decrease,No change,1.0000,0.000001431717891287743910601086872992139193715,scored,False,False
6,0x21ffd2b7a212a6f277ed3eca1a9f8efcbca90d71,21255,2025-07,2025-07-29T12:00:00+00:00,1,6,6,1,1,0,0,168.082550,168.082550,1,,No change,No change,1.0010,-0.0365,scored,False,False
6,0x21ffd2b7a212a6f277ed3eca1a9f8efcbca90d71,21255,2025-07,2025-07-29T12:00:00+00:00,7,66,64,4,2,2,0,7480.783982,1077.636018,0.1440538880140062838670536550189078832299,No change,25 bps decrease,No change,1.0010,0.004895755359481519112257130271456620707966,scored,False,False
6,0x21ffd2b7a212a6f277ed3eca1a9f8efcbca90d71,21255,2025-07,2025-07-29T12:00:00+00:00,30,230,222,22,2,2,0,24291.618643,327.831645,0.01349566901316679788615764331551053322701,25 bps decrease,No change,No change,1.0010,-0.0004715542257947013992236746148065239079342,scored,False,False
6,0x21ffd2b7a212a6f277ed3eca1a9f8efcbca90d71,24087,2025-09,2025-09-16T12:00:00+00:00,1,67,63,2,2,2,0,4379.955561,543.515741,0.1240916108463685848798044460341957337042,,50+ bps decrease,25 bps decrease,0.9985,-0.0007909259983927951090004221163832031856544,scored,False,False
6,0x21ffd2b7a212a6f277ed3eca1a9f8efcbca90d71,24087,2025-09,2025-09-16T12:00:00+00:00,7,912,802,8,3,3,2,38075.526432,1294.055454,0.03398654136302185638025218729036218936446,,No change,25 bps decrease,0.9985,-0.0005511263824146093949401707907028314833097,scored,False,False
6,0x21ffd2b7a212a6f277ed3eca1a9f8efcbca90d71,24087,2025-09,2025-09-16T12:00:00+00:00,30,2768,2461,31,4,4,8,110730.647058,699.085550,0.006313388105045782762448273238916414460604,25 bps decrease,No change,25 bps decrease,0.9985,0.0003322200631206574304492402092976488059420,scored,False,False
6,0x21ffd2b7a212a6f277ed3eca1a9f8efcbca90d71,27824,2025-10,2025-10-28T12:00:00+00:00,1,0,0,0,0,0,0,0,0,,,,25 bps decrease,1.0010,,no_window_activity,False,False
6,0x21ffd2b7a212a6f277ed3eca1a9f8efcbca90d71,27824,2025-10,2025-10-28T12:00:00+00:00,7,10,8,2,1,1,0,1599.991194,0.000086,5.375029582819066440436921554707006718688E-8,No change,,25 bps decrease,1.0010,-6.181284020241926406502459787913057726491E-10,scored,False,False
6,0x21ffd2b7a212a6f277ed3eca1a9f8efcbca90d71,27824,2025-10,2025-10-28T12:00:00+00:00,30,11,9,3,1,1,0,1800.091194,200.099914,0.1111609871027456401189416629077737713771,,No change,25 bps decrease,1.0010,0.001278351351681574861367829123439398370836,scored,False,False
6,0x21ffd2b7a212a6f277ed3eca1a9f8efcbca90d71,35090,2025-12,2025-12-09T00:00:00+00:00,1,5,5,1,1,1,0,800.01,0.01,0.00001249984375195310058624267196660041749478,50+ bps decrease,,25 bps decrease,0.9985,-9.999875001562480468994137573280333995825E-8,scored,False,False
6,0x21ffd2b7a212a6f277ed3eca1a9f8efcbca90d71,35090,2025-12,2025-12-09T00:00:00+00:00,7,17,17,4,2,1,0,1798.44,598.24,0.3326438468895264785035920019572518404840,25 bps decrease,,25 bps decrease,0.9985,0.02162185004781922110273348012722136963146,scored,False,False
6,0x21ffd2b7a212a6f277ed3eca1a9f8efcbca90d71,35090,2025-12,2025-12-09T00:00:00+00:00,30,286,279,21,3,3,0,39708.032823,1621.903853,0.04084573668581607639415041086937302393899,No change,25 bps decrease,25 bps decrease,0.9985,-0.002456380500887045919827031669118049877562,scored,False,False
6,0x21ffd2b7a212a6f277ed3eca1a9f8efcbca90d71,45883,2026-01,2026-01-27T00:00:00+00:00,1,0,0,0,0,0,0,0,0,,,,No change,0.9975,,no_window_activity,False,False
6,0x21ffd2b7a212a6f277ed3eca1a9f8efcbca90d71,45883,2026-01,2026-01-27T00:00:00+00:00,7,45,39,2,1,1,0,5604.077848,4.077848,0.0007276572721871296888522452231288133240793,25 bps decrease,,No change,0.9975,-0.000005457429541403472666391839173466099930595,scored,False,False
6,0x21ffd2b7a212a6f277ed3eca1a9f8efcbca90d71,45883,2026-01,2026-01-27T00:00:00+00:00,30,475,459,22,3,3,0,45514.403837,1091.731299,0.02398650112851746194343984591736486068302,25 bps decrease,No change,No change,0.9975,-0.0002337304485432361832651372930691870373668,scored,False,False
6,0x21ffd2b7a212a6f277ed3eca1a9f8efcbca90d71,67284,2026-03,2026-03-17T00:00:00+00:00,1,0,0,0,0,0,0,0,0,,,,No change,0.9990,,no_window_activity,False,False
6,0x21ffd2b7a212a6f277ed3eca1a9f8efcbca90d71,67284,2026-03,2026-03-17T00:00:00+00:00,7,0,0,0,0,0,0,0,0,,,,No change,0.9990,,no_window_activity,False,False
6,0x21ffd2b7a212a6f277ed3eca1a9f8efcbca90d71,67284,2026-03,2026-03-17T00:00:00+00:00,30,48,46,9,2,2,0,5548.400407,821.300407,0.1480247182528187713760291345173639700513,25 bps decrease,No change,No change,0.9990,-0.0006254869843426568691043641904916326274071,scored,False,False
6,0x21ffd2b7a212a6f277ed3eca1a9f8efcbca90d71,75478,2026-04,2026-04-28T00:00:00+00:00,1,0,0,0,0,0,0,0,0,,,,No change,1.0000,,no_window_activity,False,False
6,0x21ffd2b7a212a6f277ed3eca1a9f8efcbca90d71,75478,2026-04,2026-04-28T00:00:00+00:00,7,0,0,0,0,0,0,0,0,,,,No change,1.0000,,no_window_activity,False,False
6,0x21ffd2b7a212a6f277ed3eca1a9f8efcbca90d71,75478,2026-04,2026-04-28T00:00:00+00:00,30,181,179,12,3,3,0,20267.266081,0.077197,0.000003808949845108613196580255623871482935410,No change,,No change,1.0000,4.016402590989400846165364951572917576677E-9,scored,False,False
7,0xbc54e69667ceb6ccec538e5a0ba1927fc1fe680f,21255,2025-07,2025-07-29T12:00:00+00:00,1,0,0,0,0,0,0,0,0,,,,No change,1.0010,,no_window_activity,False,False
7,0xbc54e69667ceb6ccec538e5a0ba1927fc1fe680f,21255,2025-07,2025-07-29T12:00:00+00:00,7,0,0,0,0,0,0,0,0,,,,No change,1.0010,,no_window_activity,False,False
7,0xbc54e69667ceb6ccec538e5a0ba1927fc1fe680f,21255,2025-07,2025-07-29T12:00:00+00:00,30,25,25,3,2,1,0,15859.759531,10000.000469,0.6305266135626883232092303783366865223626,,25+ bps increase,No change,1.0010,0.0003152634250681313183146269735204095510318,scored,False,False
7,0xbc54e69667ceb6ccec538e5a0ba1927fc1fe680f,24087,2025-09,2025-09-16T12:00:00+00:00,1,88,86,2,2,2,0,35847.796297,3000.011685,0.08368747858710250581738848804639535022517,,No change,25 bps decrease,0.9985,0.002008503918273646063839660297096672045397,scored,False,False
7,0xbc54e69667ceb6ccec538e5a0ba1927fc1fe680f,24087,2025-09,2025-09-16T12:00:00+00:00,7,487,460,8,4,3,2,225040.492611,11699.990897,0.05199060294106423124514744977190552973625,25+ bps increase,50+ bps decrease,25 bps decrease,0.9985,0.00009908391082107894826465613401829525912528,scored,False,False
7,0xbc54e69667ceb6ccec538e5a0ba1927fc1fe680f,24087,2025-09,2025-09-16T12:00:00+00:00,30,506,479,13,4,4,2,238540.474611,8199.998763,0.03437571245035942912073859971967992136746,25+ bps increase,No change,25 bps decrease,0.9985,-0.00003019238102357612987133992468134068526962,scored,False,False
7,0xbc54e69667ceb6ccec538e5a0ba1927fc1fe680f,27824,2025-10,2025-10-28T12:00:00+00:00,1,23,22,2,1,1,2,24341.836187,2341.836187,0.09620622573455164958135621028283933377536,,50+ bps decrease,25 bps decrease,1.0010,,duplicate_fraction_over_5pct,False,False
7,0xbc54e69667ceb6ccec538e5a0ba1927fc1fe680f,27824,2025-10,2025-10-28T12:00:00+00:00,7,312,299,8,2,2,2,284208.680917,999.998893,0.003518537469627954854690452797743034394550,No change,50+ bps decrease,25 bps decrease,1.0010,0.00001583291819229875040291537148171056686682,scored,False,False
7,0xbc54e69667ceb6ccec538e5a0ba1927fc1fe680f,27824,2025-10,2025-10-28T12:00:00+00:00,30,354,341,15,3,2,2,305008.678953,3000.037875,0.009835909867542778229515595445686425814615,25+ bps increase,,25 bps decrease,1.0010,-0.000004918393357361363765638892187015530573770,scored,False,False
7,0xbc54e69667ceb6ccec538e5a0ba1927fc1fe680f,35090,2025-12,2025-12-09T00:00:00+00:00,1,0,0,0,0,0,0,0,0,,,,25 bps decrease,0.9985,,no_window_activity,False,False
7,0xbc54e69667ceb6ccec538e5a0ba1927fc1fe680f,35090,2025-12,2025-12-09T00:00:00+00:00,7,98,92,6,2,1,2,189199.858321,3200.092613,0.01691382140239589043365412658394820447779,25+ bps increase,,25 bps decrease,0.9985,-0.000008457117545961716671829050465475903267233,scored,False,False
7,0xbc54e69667ceb6ccec538e5a0ba1927fc1fe680f,35090,2025-12,2025-12-09T00:00:00+00:00,30,167,159,14,3,2,2,242399.773224,2400.095728,0.009901394279697150051983911669569112121308,25+ bps increase,,25 bps decrease,0.9985,-0.00004991799373639829853737850293955190849762,scored,False,False
7,0xbc54e69667ceb6ccec538e5a0ba1927fc1fe680f,45883,2026-01,2026-01-27T00:00:00+00:00,1,14,11,1,1,1,0,154999.994,4999.994,0.03225802705514943439288133133734185821968,50+ bps decrease,,No change,0.9975,-0.00001612901352757471719644066566867092910984,scored,False,False
7,0xbc54e69667ceb6ccec538e5a0ba1927fc1fe680f,45883,2026-01,2026-01-27T00:00:00+00:00,7,16,13,3,1,1,0,204999.984,5000.004,0.02439026531826461020601835754289619846995,50+ bps decrease,,No change,0.9975,-0.00001219513265913230510300917877144809923497,scored,False,False
7,0xbc54e69667ceb6ccec538e5a0ba1927fc1fe680f,45883,2026-01,2026-01-27T00:00:00+00:00,30,111,107,14,1,1,2,389999.817824,29999.997824,0.07692310727575382325058590897112449416301,50+ bps decrease,,No change,0.9975,-0.00003846155363787691162529295448556224708151,scored,False,False
7,0xbc54e69667ceb6ccec538e5a0ba1927fc1fe680f,67284,2026-03,2026-03-17T00:00:00+00:00,1,48,48,1,1,1,0,246247.760164,1225.899836,0.004978318727380731214406011574835905519412,,25 bps decrease,No change,0.9990,0.00001742411554583255925042104051192566931794,scored,False,False
7,0xbc54e69667ceb6ccec538e5a0ba1927fc1fe680f,67284,2026-03,2026-03-17T00:00:00+00:00,7,376,369,7,1,1,0,704387.303586,6263.248866,0.008891768539997978407003149307897383416595,25 bps decrease,,No change,0.9990,-0.00003112118988999292442451102257764084195808,scored,False,False
7,0xbc54e69667ceb6ccec538e5a0ba1927fc1fe680f,67284,2026-03,2026-03-17T00:00:00+00:00,30,568,558,21,3,2,0,887735.039040,12263.259888,0.01381409919480201573096622963280527988114,25 bps decrease,50+ bps decrease,No change,0.9990,-0.00002244067064598806848961210965608344722975,scored,False,False
7,0xbc54e69667ceb6ccec538e5a0ba1927fc1fe680f,75478,2026-04,2026-04-28T00:00:00+00:00,1,3,3,1,2,1,0,130000.0,110000.0,0.8461538461538461538461538461538461538462,25 bps decrease,,No change,1.0000,-0.0002692307692307692307692307692307692307692,scored,False,False
7,0xbc54e69667ceb6ccec538e5a0ba1927fc1fe680f,75478,2026-04,2026-04-28T00:00:00+00:00,7,209,205,6,2,2,0,589999.216,529999.216,0.8983049496120008403536590462181224322169,25 bps decrease,No change,No change,1.0000,-0.0004830508249353334733922765077030204053695,scored,False,False
7,0xbc54e69667ceb6ccec538e5a0ba1927fc1fe680f,75478,2026-04,2026-04-28T00:00:00+00:00,30,912,878,19,3,3,0,1293226.860191,522767.788687,0.4042351769663917135153063420895669369726,25 bps decrease,No change,No change,1.0000,-0.0002152629928382285288815439164197572512249,scored,False,False
12,0xa8b7f8b34185e9cc62c471e1d353595148a3ee3c,21255,2025-07,2025-07-29T12:00:00+00:00,1,0,0,0,0,0,0,0,0,,,,No change,1.0010,,no_window_activity,False,False
12,0xa8b7f8b34185e9cc62c471e1d353595148a3ee3c,21255,2025-07,2025-07-29T12:00:00+00:00,7,0,0,0,0,0,0,0,0,,,,No change,1.0010,,no_window_activity,False,False
12,0xa8b7f8b34185e9cc62c471e1d353595148a3ee3c,21255,2025-07,2025-07-29T12:00:00+00:00,30,7,7,3,2,2,0,1776.0,0.0,0,,,No change,1.0010,,zero_net_flow,False,False
12,0xa8b7f8b34185e9cc62c471e1d353595148a3ee3c,24087,2025-09,2025-09-16T12:00:00+00:00,1,1,1,1,1,0,0,400.0,400.0,1,,25 bps decrease,25 bps decrease,0.9985,-0.095,scored,False,False
12,0xa8b7f8b34185e9cc62c471e1d353595148a3ee3c,24087,2025-09,2025-09-16T12:00:00+00:00,7,79,78,3,4,4,0,12723.154465,100.036021,0.007862517214200935978340336843501490885971,50+ bps decrease,No change,25 bps decrease,0.9985,-0.0005345825829365186442385929172164616960814,scored,False,False
12,0xa8b7f8b34185e9cc62c471e1d353595148a3ee3c,24087,2025-09,2025-09-16T12:00:00+00:00,30,102,99,6,4,4,0,20164.345019,3569.200287,0.1770055156087090953578966828924997576188,25 bps decrease,No change,25 bps decrease,0.9985,0.009718961895878082029360063093651631194597,scored,False,False
12,0xa8b7f8b34185e9cc62c471e1d353595148a3ee3c,27824,2025-10,2025-10-28T12:00:00+00:00,1,12,11,2,2,2,0,7599.99,4000.01,0.5263177977865760349684670637724523321741,,25 bps decrease,25 bps decrease,1.0010,-0.003894726835166888377484707216720022000029,scored,False,False
12,0xa8b7f8b34185e9cc62c471e1d353595148a3ee3c,27824,2025-10,2025-10-28T12:00:00+00:00,7,45,39,5,2,2,0,14249.965665,4249.997361,0.2982461474583489812219137020636463407226,,25 bps decrease,25 bps decrease,1.0010,-0.002254376525018806071628524165991385215032,scored,False,False
12,0xa8b7f8b34185e9cc62c471e1d353595148a3ee3c,27824,2025-10,2025-10-28T12:00:00+00:00,30,52,45,8,2,2,0,16208.175665,2576.287361,0.1589498666752017831119675244462498858288,,25 bps decrease,25 bps decrease,1.0010,-0.001337197567786849378276404557958620816811,scored,False,False
12,0xa8b7f8b34185e9cc62c471e1d353595148a3ee3c,35090,2025-12,2025-12-09T00:00:00+00:00,1,30,28,1,2,2,0,12581.618853,1446.998853,0.1150089563120864316330597397727416278138,,No change,25 bps decrease,0.9985,0.002062100308245603790108709947899420761447,scored,False,False
12,0xa8b7f8b34185e9cc62c471e1d353595148a3ee3c,35090,2025-12,2025-12-09T00:00:00+00:00,7,197,156,7,2,2,11,70144.343995,1432.017431,0.02041529436930904182162634822143509876017,25 bps decrease,No change,25 bps decrease,0.9985,,duplicate_fraction_over_5pct,False,False
12,0xa8b7f8b34185e9cc62c471e1d353595148a3ee3c,35090,2025-12,2025-12-09T00:00:00+00:00,30,348,293,20,2,2,13,118459.900666,2350.002894,0.01983796103819029011982338985764484314784,,No change,25 bps decrease,0.9985,0.001040417157173711722889416524542470444891,scored,False,False
12,0xa8b7f8b34185e9cc62c471e1d353595148a3ee3c,45883,2026-01,2026-01-27T00:00:00+00:00,1,0,0,0,0,0,0,0,0,,,,No change,0.9975,,no_window_activity,False,False
12,0xa8b7f8b34185e9cc62c471e1d353595148a3ee3c,45883,2026-01,2026-01-27T00:00:00+00:00,7,4,4,2,1,1,0,755.51,44.49,0.05888737409167317441198660507471774033434,,No change,No change,0.9975,-0.0007066484891000780929438392608966128840121,scored,False,False
12,0xa8b7f8b34185e9cc62c471e1d353595148a3ee3c,45883,2026-01,2026-01-27T00:00:00+00:00,30,437,401,24,2,2,2,129449.421513,1754.573913,0.01355412710611299524131539716353927342096,25 bps decrease,,No change,0.9975,0.00001215404664316709513946207757434430088615,scored,False,False
12,0xa8b7f8b34185e9cc62c471e1d353595148a3ee3c,67284,2026-03,2026-03-17T00:00:00+00:00,1,0,0,0,0,0,0,0,0,,,,No change,0.9990,,no_window_activity,False,False
12,0xa8b7f8b34185e9cc62c471e1d353595148a3ee3c,67284,2026-03,2026-03-17T00:00:00+00:00,7,0,0,0,0,0,0,0,0,,,,No change,0.9990,,no_window_activity,False,False
12,0xa8b7f8b34185e9cc62c471e1d353595148a3ee3c,67284,2026-03,2026-03-17T00:00:00+00:00,30,216,193,9,2,2,8,46619.857991,2539.997441,0.05448316555340748764143956398951185299418,25 bps decrease,No change,No change,0.9990,-0.0002293013225729626182721677008207427252864,scored,False,False
12,0xa8b7f8b34185e9cc62c471e1d353595148a3ee3c,75478,2026-04,2026-04-28T00:00:00+00:00,1,0,0,0,0,0,0,0,0,,,,No change,1.0000,,no_window_activity,False,False
12,0xa8b7f8b34185e9cc62c471e1d353595148a3ee3c,75478,2026-04,2026-04-28T00:00:00+00:00,7,0,0,0,0,0,0,0,0,,,,No change,1.0000,,no_window_activity,False,False
12,0xa8b7f8b34185e9cc62c471e1d353595148a3ee3c,75478,2026-04,2026-04-28T00:00:00+00:00,30,1,1,1,1,0,0,500.0,500.0,1,No change,,No change,1.0000,0.0015,scored,False,False
