candidate_number,wallet_address,event_id,meeting_month,decision_cutoff_utc,window_days,market_id,rate_outcome,participant_rows,unique_transactions,active_days,first_trade_utc,last_trade_utc,duplicate_candidate_rows,buy_yes_shares,sell_yes_shares,buy_no_shares,sell_no_shares,gross_token_shares,net_yes_directional_flow_shares,both_directions_observed,baseline_timestamp_utc,baseline_age_hours,baseline_yes_probability,final_yes_outcome,diagnostic_numerator,chain_verification
3,0xe8dd7741ccb12350957ec71e9ee332e0d1e6ec86,21255,2025-07,2025-07-29T12:00:00+00:00,1,528972,50+ bps decrease,0,0,0,,,0,0,0,0,0,0,0,False,2025-07-29T00:00:00+00:00,12.0,0.0045,0,-0.0000,not_checked
3,0xe8dd7741ccb12350957ec71e9ee332e0d1e6ec86,21255,2025-07,2025-07-29T12:00:00+00:00,1,528973,25 bps decrease,0,0,0,,,0,0,0,0,0,0,0,False,2025-07-29T00:00:00+00:00,12.0,0.0325,0,-0.0000,not_checked
3,0xe8dd7741ccb12350957ec71e9ee332e0d1e6ec86,21255,2025-07,2025-07-29T12:00:00+00:00,1,528974,No change,0,0,0,,,0,0,0,0,0,0,0,False,2025-07-29T00:00:00+00:00,12.0,0.9635,1,0.0000,not_checked
3,0xe8dd7741ccb12350957ec71e9ee332e0d1e6ec86,21255,2025-07,2025-07-29T12:00:00+00:00,1,528975,25+ bps increase,0,0,0,,,0,0,0,0,0,0,0,False,2025-07-29T00:00:00+00:00,12.0,0.0005,0,-0.0000,not_checked
3,0xe8dd7741ccb12350957ec71e9ee332e0d1e6ec86,21255,2025-07,2025-07-29T12:00:00+00:00,7,528972,50+ bps decrease,0,0,0,,,0,0,0,0,0,0,0,False,2025-07-29T00:00:00+00:00,12.0,0.0045,0,-0.0000,not_checked
3,0xe8dd7741ccb12350957ec71e9ee332e0d1e6ec86,21255,2025-07,2025-07-29T12:00:00+00:00,7,528973,25 bps decrease,0,0,0,,,0,0,0,0,0,0,0,False,2025-07-29T00:00:00+00:00,12.0,0.0325,0,-0.0000,not_checked
3,0xe8dd7741ccb12350957ec71e9ee332e0d1e6ec86,21255,2025-07,2025-07-29T12:00:00+00:00,7,528974,No change,0,0,0,,,0,0,0,0,0,0,0,False,2025-07-29T00:00:00+00:00,12.0,0.9635,1,0.0000,not_checked
3,0xe8dd7741ccb12350957ec71e9ee332e0d1e6ec86,21255,2025-07,2025-07-29T12:00:00+00:00,7,528975,25+ bps increase,0,0,0,,,0,0,0,0,0,0,0,False,2025-07-29T00:00:00+00:00,12.0,0.0005,0,-0.0000,not_checked
3,0xe8dd7741ccb12350957ec71e9ee332e0d1e6ec86,21255,2025-07,2025-07-29T12:00:00+00:00,30,528972,50+ bps decrease,138,138,11,2025-06-29T12:24:14+00:00,2025-07-12T18:45:11+00:00,0,0,585.87,22989.524176,0,23575.394176,-23575.394176,False,2025-07-29T00:00:00+00:00,12.0,0.0045,0,106.0892737920,not_checked
3,0xe8dd7741ccb12350957ec71e9ee332e0d1e6ec86,21255,2025-07,2025-07-29T12:00:00+00:00,30,528973,25 bps decrease,141,141,12,2025-06-29T12:24:14+00:00,2025-07-12T18:45:07+00:00,0,0,796.91,22491.549108,0,23288.459108,-23288.459108,False,2025-07-29T00:00:00+00:00,12.0,0.0325,0,756.8749210100,not_checked
3,0xe8dd7741ccb12350957ec71e9ee332e0d1e6ec86,21255,2025-07,2025-07-29T12:00:00+00:00,30,528974,No change,137,137,12,2025-06-29T12:24:14+00:00,2025-07-12T18:45:11+00:00,0,0,2251.68,21042.426927,0,23294.106927,-23294.106927,False,2025-07-29T00:00:00+00:00,12.0,0.9635,1,-850.2349028355,not_checked
3,0xe8dd7741ccb12350957ec71e9ee332e0d1e6ec86,21255,2025-07,2025-07-29T12:00:00+00:00,30,528975,25+ bps increase,145,145,11,2025-06-29T12:24:14+00:00,2025-07-12T18:45:11+00:00,0,0,0,23738.004842,2932.73,26670.734842,-20805.274842,True,2025-07-29T00:00:00+00:00,12.0,0.0005,0,10.4026374210,not_checked
3,0xe8dd7741ccb12350957ec71e9ee332e0d1e6ec86,24087,2025-09,2025-09-16T12:00:00+00:00,1,542537,50+ bps decrease,72,72,1,2025-09-15T12:12:58+00:00,2025-09-15T23:56:52+00:00,0,0,0,11550.714047,1977.81,13528.524047,-9572.904047,True,2025-09-16T00:00:00+00:00,12.0,0.068,0,650.957475196,not_checked
3,0xe8dd7741ccb12350957ec71e9ee332e0d1e6ec86,24087,2025-09,2025-09-16T12:00:00+00:00,1,542538,25 bps decrease,44,44,1,2025-09-15T12:12:56+00:00,2025-09-15T21:51:40+00:00,0,0,0,7770.374234,0,7770.374234,-7770.374234,False,2025-09-16T00:00:00+00:00,12.0,0.905,1,-738.185552230,not_checked
3,0xe8dd7741ccb12350957ec71e9ee332e0d1e6ec86,24087,2025-09,2025-09-16T12:00:00+00:00,1,542539,No change,53,53,1,2025-09-15T12:12:56+00:00,2025-09-15T21:51:40+00:00,0,0,0,9249.944103,0,9249.944103,-9249.944103,False,2025-09-16T00:00:00+00:00,12.0,0.024,0,221.998658472,not_checked
3,0xe8dd7741ccb12350957ec71e9ee332e0d1e6ec86,24087,2025-09,2025-09-16T12:00:00+00:00,1,542540,25+ bps increase,45,45,1,2025-09-15T12:12:56+00:00,2025-09-15T21:51:40+00:00,0,0,0,8044.513,0,8044.513,-8044.513,False,2025-09-16T00:00:00+00:00,12.0,0.0015,0,12.0667695,not_checked
3,0xe8dd7741ccb12350957ec71e9ee332e0d1e6ec86,24087,2025-09,2025-09-16T12:00:00+00:00,7,542537,50+ bps decrease,73,73,1,2025-09-15T09:24:58+00:00,2025-09-15T23:56:52+00:00,0,0,0,11800.714047,1977.81,13778.524047,-9822.904047,True,2025-09-16T00:00:00+00:00,12.0,0.068,0,667.957475196,not_checked
3,0xe8dd7741ccb12350957ec71e9ee332e0d1e6ec86,24087,2025-09,2025-09-16T12:00:00+00:00,7,542538,25 bps decrease,45,45,1,2025-09-15T09:24:58+00:00,2025-09-15T21:51:40+00:00,0,0,0,8020.374234,0,8020.374234,-8020.374234,False,2025-09-16T00:00:00+00:00,12.0,0.905,1,-761.935552230,not_checked
3,0xe8dd7741ccb12350957ec71e9ee332e0d1e6ec86,24087,2025-09,2025-09-16T12:00:00+00:00,7,542539,No change,55,54,1,2025-09-15T09:24:56+00:00,2025-09-15T21:51:40+00:00,0,0,0,9799.944103,0,9799.944103,-9799.944103,False,2025-09-16T00:00:00+00:00,12.0,0.024,0,235.198658472,not_checked
3,0xe8dd7741ccb12350957ec71e9ee332e0d1e6ec86,24087,2025-09,2025-09-16T12:00:00+00:00,7,542540,25+ bps increase,46,46,1,2025-09-15T09:24:58+00:00,2025-09-15T21:51:40+00:00,0,0,0,8294.513,0,8294.513,-8294.513,False,2025-09-16T00:00:00+00:00,12.0,0.0015,0,12.4417695,not_checked
3,0xe8dd7741ccb12350957ec71e9ee332e0d1e6ec86,24087,2025-09,2025-09-16T12:00:00+00:00,30,542537,50+ bps decrease,73,73,1,2025-09-15T09:24:58+00:00,2025-09-15T23:56:52+00:00,0,0,0,11800.714047,1977.81,13778.524047,-9822.904047,True,2025-09-16T00:00:00+00:00,12.0,0.068,0,667.957475196,not_checked
3,0xe8dd7741ccb12350957ec71e9ee332e0d1e6ec86,24087,2025-09,2025-09-16T12:00:00+00:00,30,542538,25 bps decrease,45,45,1,2025-09-15T09:24:58+00:00,2025-09-15T21:51:40+00:00,0,0,0,8020.374234,0,8020.374234,-8020.374234,False,2025-09-16T00:00:00+00:00,12.0,0.905,1,-761.935552230,not_checked
3,0xe8dd7741ccb12350957ec71e9ee332e0d1e6ec86,24087,2025-09,2025-09-16T12:00:00+00:00,30,542539,No change,55,54,1,2025-09-15T09:24:56+00:00,2025-09-15T21:51:40+00:00,0,0,0,9799.944103,0,9799.944103,-9799.944103,False,2025-09-16T00:00:00+00:00,12.0,0.024,0,235.198658472,not_checked
3,0xe8dd7741ccb12350957ec71e9ee332e0d1e6ec86,24087,2025-09,2025-09-16T12:00:00+00:00,30,542540,25+ bps increase,46,46,1,2025-09-15T09:24:58+00:00,2025-09-15T21:51:40+00:00,0,0,0,8294.513,0,8294.513,-8294.513,False,2025-09-16T00:00:00+00:00,12.0,0.0015,0,12.4417695,not_checked
3,0xe8dd7741ccb12350957ec71e9ee332e0d1e6ec86,27824,2025-10,2025-10-28T12:00:00+00:00,1,553810,50+ bps decrease,0,0,0,,,0,0,0,0,0,0,0,False,2025-10-28T00:00:00+00:00,12.0,0.0045,0,-0.0000,not_checked
3,0xe8dd7741ccb12350957ec71e9ee332e0d1e6ec86,27824,2025-10,2025-10-28T12:00:00+00:00,1,553811,25 bps decrease,0,0,0,,,0,0,0,0,0,0,0,False,2025-10-28T00:00:00+00:00,12.0,0.9845,1,0.0000,not_checked
3,0xe8dd7741ccb12350957ec71e9ee332e0d1e6ec86,27824,2025-10,2025-10-28T12:00:00+00:00,1,553812,No change,0,0,0,,,0,0,0,0,0,0,0,False,2025-10-28T00:00:00+00:00,12.0,0.0115,0,-0.0000,not_checked
3,0xe8dd7741ccb12350957ec71e9ee332e0d1e6ec86,27824,2025-10,2025-10-28T12:00:00+00:00,1,553813,25+ bps increase,0,0,0,,,0,0,0,0,0,0,0,False,2025-10-28T00:00:00+00:00,12.0,0.0005,0,-0.0000,not_checked
3,0xe8dd7741ccb12350957ec71e9ee332e0d1e6ec86,27824,2025-10,2025-10-28T12:00:00+00:00,7,553810,50+ bps decrease,0,0,0,,,0,0,0,0,0,0,0,False,2025-10-28T00:00:00+00:00,12.0,0.0045,0,-0.0000,not_checked
3,0xe8dd7741ccb12350957ec71e9ee332e0d1e6ec86,27824,2025-10,2025-10-28T12:00:00+00:00,7,553811,25 bps decrease,0,0,0,,,0,0,0,0,0,0,0,False,2025-10-28T00:00:00+00:00,12.0,0.9845,1,0.0000,not_checked
3,0xe8dd7741ccb12350957ec71e9ee332e0d1e6ec86,27824,2025-10,2025-10-28T12:00:00+00:00,7,553812,No change,0,0,0,,,0,0,0,0,0,0,0,False,2025-10-28T00:00:00+00:00,12.0,0.0115,0,-0.0000,not_checked
3,0xe8dd7741ccb12350957ec71e9ee332e0d1e6ec86,27824,2025-10,2025-10-28T12:00:00+00:00,7,553813,25+ bps increase,0,0,0,,,0,0,0,0,0,0,0,False,2025-10-28T00:00:00+00:00,12.0,0.0005,0,-0.0000,not_checked
3,0xe8dd7741ccb12350957ec71e9ee332e0d1e6ec86,27824,2025-10,2025-10-28T12:00:00+00:00,30,553810,50+ bps decrease,97,97,12,2025-10-01T00:55:27+00:00,2025-10-16T21:00:33+00:00,0,0,3588.47,15914.595230,0,19503.065230,-19503.065230,False,2025-10-28T00:00:00+00:00,12.0,0.0045,0,87.7637935350,not_checked
3,0xe8dd7741ccb12350957ec71e9ee332e0d1e6ec86,27824,2025-10,2025-10-28T12:00:00+00:00,30,553811,25 bps decrease,103,103,12,2025-10-01T00:55:27+00:00,2025-10-16T21:00:33+00:00,0,0,0,18249.802829,0,18249.802829,-18249.802829,False,2025-10-28T00:00:00+00:00,12.0,0.9845,1,-282.8719438495,not_checked
3,0xe8dd7741ccb12350957ec71e9ee332e0d1e6ec86,27824,2025-10,2025-10-28T12:00:00+00:00,30,553812,No change,107,107,12,2025-10-01T00:55:27+00:00,2025-10-16T21:00:33+00:00,0,0,0,17954.609929,0,17954.609929,-17954.609929,False,2025-10-28T00:00:00+00:00,12.0,0.0115,0,206.4780141835,not_checked
3,0xe8dd7741ccb12350957ec71e9ee332e0d1e6ec86,27824,2025-10,2025-10-28T12:00:00+00:00,30,553813,25+ bps increase,103,103,12,2025-10-01T00:55:27+00:00,2025-10-16T21:00:33+00:00,0,0,0,18248.9443,0,18248.9443,-18248.9443,False,2025-10-28T00:00:00+00:00,12.0,0.0005,0,9.12447215,not_checked
3,0xe8dd7741ccb12350957ec71e9ee332e0d1e6ec86,35090,2025-12,2025-12-09T00:00:00+00:00,1,570360,50+ bps decrease,7,7,1,2025-12-08T16:03:27+00:00,2025-12-08T23:08:51+00:00,0,0,0,7000.003142,0,7000.003142,-7000.003142,False,2025-12-09T00:00:00+00:00,0.0,0.008,0,56.000025136,not_checked
3,0xe8dd7741ccb12350957ec71e9ee332e0d1e6ec86,35090,2025-12,2025-12-09T00:00:00+00:00,1,570361,25 bps decrease,5,5,1,2025-12-08T16:03:27+00:00,2025-12-08T23:08:51+00:00,0,0,0,6971.523802,0,6971.523802,-6971.523802,False,2025-12-09T00:00:00+00:00,0.0,0.935,1,-453.149047130,not_checked
3,0xe8dd7741ccb12350957ec71e9ee332e0d1e6ec86,35090,2025-12,2025-12-09T00:00:00+00:00,1,570362,No change,7,7,1,2025-12-08T16:03:27+00:00,2025-12-08T23:08:53+00:00,0,0,0,6999.978263,0,6999.978263,-6999.978263,False,2025-12-09T00:00:00+00:00,0.0,0.055,0,384.998804465,not_checked
3,0xe8dd7741ccb12350957ec71e9ee332e0d1e6ec86,35090,2025-12,2025-12-09T00:00:00+00:00,1,570363,25+ bps increase,0,0,0,,,0,0,0,0,0,0,0,False,2025-12-09T00:00:00+00:00,0.0,0.0005,0,-0.0000,not_checked
3,0xe8dd7741ccb12350957ec71e9ee332e0d1e6ec86,35090,2025-12,2025-12-09T00:00:00+00:00,7,570360,50+ bps decrease,47,47,5,2025-12-02T00:07:50+00:00,2025-12-08T23:08:51+00:00,0,0,0,32234.027624,0,32234.027624,-32234.027624,False,2025-12-09T00:00:00+00:00,0.0,0.008,0,257.872220992,not_checked
3,0xe8dd7741ccb12350957ec71e9ee332e0d1e6ec86,35090,2025-12,2025-12-09T00:00:00+00:00,7,570361,25 bps decrease,41,39,5,2025-12-02T00:07:50+00:00,2025-12-08T23:08:51+00:00,0,0,0,32205.245964,0,32205.245964,-32205.245964,False,2025-12-09T00:00:00+00:00,0.0,0.935,1,-2093.340987660,not_checked
3,0xe8dd7741ccb12350957ec71e9ee332e0d1e6ec86,35090,2025-12,2025-12-09T00:00:00+00:00,7,570362,No change,48,44,5,2025-12-02T00:07:50+00:00,2025-12-08T23:08:53+00:00,0,0,0,33094.444226,861.3,33955.744226,-32233.144226,True,2025-12-09T00:00:00+00:00,0.0,0.055,0,1772.822932430,not_checked
3,0xe8dd7741ccb12350957ec71e9ee332e0d1e6ec86,35090,2025-12,2025-12-09T00:00:00+00:00,7,570363,25+ bps increase,40,40,4,2025-12-02T00:07:50+00:00,2025-12-05T09:39:29+00:00,0,0,0,25233.7715,0,25233.7715,-25233.7715,False,2025-12-09T00:00:00+00:00,0.0,0.0005,0,12.61688575,not_checked
3,0xe8dd7741ccb12350957ec71e9ee332e0d1e6ec86,35090,2025-12,2025-12-09T00:00:00+00:00,30,570360,50+ bps decrease,900,900,26,2025-11-09T00:03:59+00:00,2025-12-08T23:08:51+00:00,0,0,124.64,297222.641721,0,297347.281721,-297347.281721,False,2025-12-09T00:00:00+00:00,0.0,0.008,0,2378.778253768,not_checked
3,0xe8dd7741ccb12350957ec71e9ee332e0d1e6ec86,35090,2025-12,2025-12-09T00:00:00+00:00,30,570361,25 bps decrease,853,757,26,2025-11-09T00:03:59+00:00,2025-12-08T23:08:51+00:00,4,0,0,298744.153241,1427.0,300171.153241,-297317.153241,True,2025-12-09T00:00:00+00:00,0.0,0.935,1,-19325.614960665,not_checked
3,0xe8dd7741ccb12350957ec71e9ee332e0d1e6ec86,35090,2025-12,2025-12-09T00:00:00+00:00,30,570362,No change,858,755,26,2025-11-09T00:03:59+00:00,2025-12-08T23:08:53+00:00,6,0,2475.96,295731.702646,861.3,299068.962646,-297346.362646,True,2025-12-09T00:00:00+00:00,0.0,0.055,0,16354.049945530,not_checked
3,0xe8dd7741ccb12350957ec71e9ee332e0d1e6ec86,35090,2025-12,2025-12-09T00:00:00+00:00,30,570363,25+ bps increase,890,890,25,2025-11-09T00:03:59+00:00,2025-12-05T09:39:29+00:00,0,0,0,290346.760469,0,290346.760469,-290346.760469,False,2025-12-09T00:00:00+00:00,0.0,0.0005,0,145.1733802345,not_checked
3,0xe8dd7741ccb12350957ec71e9ee332e0d1e6ec86,45883,2026-01,2026-01-27T00:00:00+00:00,1,601697,50+ bps decrease,23,19,1,2026-01-26T09:12:43+00:00,2026-01-26T16:37:27+00:00,0,0,0,15000.046,0,15000.046,-15000.046,False,2026-01-27T00:00:00+00:00,0.0,0.0005,0,7.5000230,not_checked
3,0xe8dd7741ccb12350957ec71e9ee332e0d1e6ec86,45883,2026-01,2026-01-27T00:00:00+00:00,1,601698,25 bps decrease,23,19,1,2026-01-26T09:12:39+00:00,2026-01-26T16:37:13+00:00,0,0,0,15000.015218,0,15000.015218,-15000.015218,False,2026-01-27T00:00:00+00:00,0.0,0.0075,0,112.5001141350,not_checked
3,0xe8dd7741ccb12350957ec71e9ee332e0d1e6ec86,45883,2026-01,2026-01-27T00:00:00+00:00,1,601699,No change,15,15,1,2026-01-26T09:12:39+00:00,2026-01-26T16:37:11+00:00,0,0,0,14587.111106,0,14587.111106,-14587.111106,False,2026-01-27T00:00:00+00:00,0.0,0.988,1,-175.045333272,not_checked
3,0xe8dd7741ccb12350957ec71e9ee332e0d1e6ec86,45883,2026-01,2026-01-27T00:00:00+00:00,1,601700,25+ bps increase,17,17,1,2026-01-26T16:30:13+00:00,2026-01-26T16:37:47+00:00,0,0,0,10000.046,0,10000.046,-10000.046,False,2026-01-27T00:00:00+00:00,0.0,0.0015,0,15.0000690,not_checked
3,0xe8dd7741ccb12350957ec71e9ee332e0d1e6ec86,45883,2026-01,2026-01-27T00:00:00+00:00,7,601697,50+ bps decrease,34,30,4,2026-01-20T10:08:30+00:00,2026-01-26T16:37:27+00:00,0,0,0,20979.291,0,20979.291,-20979.291,False,2026-01-27T00:00:00+00:00,0.0,0.0005,0,10.4896455,not_checked
3,0xe8dd7741ccb12350957ec71e9ee332e0d1e6ec86,45883,2026-01,2026-01-27T00:00:00+00:00,7,601698,25 bps decrease,34,30,4,2026-01-20T10:08:30+00:00,2026-01-26T16:37:13+00:00,0,0,0,20979.216054,0,20979.216054,-20979.216054,False,2026-01-27T00:00:00+00:00,0.0,0.0075,0,157.3441204050,not_checked
3,0xe8dd7741ccb12350957ec71e9ee332e0d1e6ec86,45883,2026-01,2026-01-27T00:00:00+00:00,7,601699,No change,25,25,4,2026-01-20T10:08:30+00:00,2026-01-26T16:37:11+00:00,0,0,0,20536.937158,0,20536.937158,-20536.937158,False,2026-01-27T00:00:00+00:00,0.0,0.988,1,-246.443245896,not_checked
3,0xe8dd7741ccb12350957ec71e9ee332e0d1e6ec86,45883,2026-01,2026-01-27T00:00:00+00:00,7,601700,25+ bps increase,17,17,1,2026-01-26T16:30:13+00:00,2026-01-26T16:37:47+00:00,0,0,0,10000.046,0,10000.046,-10000.046,False,2026-01-27T00:00:00+00:00,0.0,0.0015,0,15.0000690,not_checked
3,0xe8dd7741ccb12350957ec71e9ee332e0d1e6ec86,45883,2026-01,2026-01-27T00:00:00+00:00,30,601697,50+ bps decrease,1688,1684,22,2025-12-29T08:26:15+00:00,2026-01-26T16:37:27+00:00,0,0,6951.26,665171.530035,0,672122.790035,-672122.790035,False,2026-01-27T00:00:00+00:00,0.0,0.0005,0,336.0613950175,not_checked
3,0xe8dd7741ccb12350957ec71e9ee332e0d1e6ec86,45883,2026-01,2026-01-27T00:00:00+00:00,30,601698,25 bps decrease,1704,1424,22,2025-12-29T08:26:15+00:00,2026-01-26T16:37:13+00:00,8,0,0,670123.138978,0,670123.138978,-670123.138978,False,2026-01-27T00:00:00+00:00,0.0,0.0075,0,5025.9235423350,not_checked
3,0xe8dd7741ccb12350957ec71e9ee332e0d1e6ec86,45883,2026-01,2026-01-27T00:00:00+00:00,30,601699,No change,1566,1381,22,2025-12-29T08:26:15+00:00,2026-01-26T16:37:11+00:00,10,0,0,677565.525526,1884.10,679449.625526,-675681.425526,True,2026-01-27T00:00:00+00:00,0.0,0.988,1,-8108.177106312,not_checked
3,0xe8dd7741ccb12350957ec71e9ee332e0d1e6ec86,45883,2026-01,2026-01-27T00:00:00+00:00,30,601700,25+ bps increase,1315,1315,18,2025-12-29T08:26:15+00:00,2026-01-26T16:37:47+00:00,0,0,1311.5,514017.997237,0,515329.497237,-515329.497237,False,2026-01-27T00:00:00+00:00,0.0,0.0015,0,772.9942458555,not_checked
3,0xe8dd7741ccb12350957ec71e9ee332e0d1e6ec86,67284,2026-03,2026-03-17T00:00:00+00:00,1,654412,50+ bps decrease,0,0,0,,,0,0,0,0,0,0,0,False,2026-03-17T00:00:00+00:00,0.0,0.0005,0,-0.0000,not_checked
3,0xe8dd7741ccb12350957ec71e9ee332e0d1e6ec86,67284,2026-03,2026-03-17T00:00:00+00:00,1,654413,25 bps decrease,0,0,0,,,0,0,0,0,0,0,0,False,2026-03-17T00:00:00+00:00,0.0,0.0035,0,-0.0000,not_checked
3,0xe8dd7741ccb12350957ec71e9ee332e0d1e6ec86,67284,2026-03,2026-03-17T00:00:00+00:00,1,654414,No change,0,0,0,,,0,0,0,0,0,0,0,False,2026-03-17T00:00:00+00:00,0.0,0.9945,1,0.0000,not_checked
3,0xe8dd7741ccb12350957ec71e9ee332e0d1e6ec86,67284,2026-03,2026-03-17T00:00:00+00:00,1,654415,25+ bps increase,0,0,0,,,0,0,0,0,0,0,0,False,2026-03-17T00:00:00+00:00,0.0,0.0005,0,-0.0000,not_checked
3,0xe8dd7741ccb12350957ec71e9ee332e0d1e6ec86,67284,2026-03,2026-03-17T00:00:00+00:00,7,654412,50+ bps decrease,7,7,2,2026-03-10T03:48:23+00:00,2026-03-11T18:20:25+00:00,0,0,0,5950.9280,0,5950.9280,-5950.9280,False,2026-03-17T00:00:00+00:00,0.0,0.0005,0,2.97546400,not_checked
3,0xe8dd7741ccb12350957ec71e9ee332e0d1e6ec86,67284,2026-03,2026-03-17T00:00:00+00:00,7,654413,25 bps decrease,9,7,2,2026-03-10T03:48:23+00:00,2026-03-11T18:20:25+00:00,0,0,0,5950.9156,0,5950.9156,-5950.9156,False,2026-03-17T00:00:00+00:00,0.0,0.0035,0,20.82820460,not_checked
3,0xe8dd7741ccb12350957ec71e9ee332e0d1e6ec86,67284,2026-03,2026-03-17T00:00:00+00:00,7,654414,No change,6,6,2,2026-03-10T03:48:27+00:00,2026-03-11T18:20:25+00:00,0,0,0,5946.537576,0,5946.537576,-5946.537576,False,2026-03-17T00:00:00+00:00,0.0,0.9945,1,-32.7059566680,not_checked
3,0xe8dd7741ccb12350957ec71e9ee332e0d1e6ec86,67284,2026-03,2026-03-17T00:00:00+00:00,7,654415,25+ bps increase,7,7,2,2026-03-10T03:48:23+00:00,2026-03-11T18:20:25+00:00,0,0,0,5950.940673,0,5950.940673,-5950.940673,False,2026-03-17T00:00:00+00:00,0.0,0.0005,0,2.9754703365,not_checked
3,0xe8dd7741ccb12350957ec71e9ee332e0d1e6ec86,67284,2026-03,2026-03-17T00:00:00+00:00,30,654412,50+ bps decrease,537,537,20,2026-02-15T02:55:41+00:00,2026-03-11T18:20:25+00:00,0,0,0,238083.813114,0,238083.813114,-238083.813114,False,2026-03-17T00:00:00+00:00,0.0,0.0005,0,119.0419065570,not_checked
3,0xe8dd7741ccb12350957ec71e9ee332e0d1e6ec86,67284,2026-03,2026-03-17T00:00:00+00:00,30,654413,25 bps decrease,607,516,20,2026-02-15T02:55:41+00:00,2026-03-11T18:20:25+00:00,0,0,0,238380.664253,0,238380.664253,-238380.664253,False,2026-03-17T00:00:00+00:00,0.0,0.0035,0,834.3323248855,not_checked
3,0xe8dd7741ccb12350957ec71e9ee332e0d1e6ec86,67284,2026-03,2026-03-17T00:00:00+00:00,30,654414,No change,515,465,20,2026-02-15T02:55:41+00:00,2026-03-11T18:20:25+00:00,0,0,0,238286.620849,0,238286.620849,-238286.620849,False,2026-03-17T00:00:00+00:00,0.0,0.9945,1,-1310.5764146695,not_checked
3,0xe8dd7741ccb12350957ec71e9ee332e0d1e6ec86,67284,2026-03,2026-03-17T00:00:00+00:00,30,654415,25+ bps increase,548,536,20,2026-02-15T02:55:41+00:00,2026-03-11T18:20:25+00:00,0,0,0,237932.968246,0,237932.968246,-237932.968246,False,2026-03-17T00:00:00+00:00,0.0,0.0005,0,118.9664841230,not_checked
3,0xe8dd7741ccb12350957ec71e9ee332e0d1e6ec86,75478,2026-04,2026-04-28T00:00:00+00:00,1,669660,50+ bps decrease,0,0,0,,,0,0,0,0,0,0,0,False,2026-04-28T00:00:00+00:00,0.0,0.0005,0,-0.0000,not_checked
3,0xe8dd7741ccb12350957ec71e9ee332e0d1e6ec86,75478,2026-04,2026-04-28T00:00:00+00:00,1,669661,25 bps decrease,0,0,0,,,0,0,0,0,0,0,0,False,2026-04-28T00:00:00+00:00,0.0,0.0005,0,-0.0000,not_checked
3,0xe8dd7741ccb12350957ec71e9ee332e0d1e6ec86,75478,2026-04,2026-04-28T00:00:00+00:00,1,669662,No change,0,0,0,,,0,0,0,0,0,0,0,False,2026-04-28T00:00:00+00:00,0.0,0.9985,1,0.0000,not_checked
3,0xe8dd7741ccb12350957ec71e9ee332e0d1e6ec86,75478,2026-04,2026-04-28T00:00:00+00:00,1,669663,25+ bps increase,0,0,0,,,0,0,0,0,0,0,0,False,2026-04-28T00:00:00+00:00,0.0,0.0005,0,-0.0000,not_checked
3,0xe8dd7741ccb12350957ec71e9ee332e0d1e6ec86,75478,2026-04,2026-04-28T00:00:00+00:00,7,669660,50+ bps decrease,0,0,0,,,0,0,0,0,0,0,0,False,2026-04-28T00:00:00+00:00,0.0,0.0005,0,-0.0000,not_checked
3,0xe8dd7741ccb12350957ec71e9ee332e0d1e6ec86,75478,2026-04,2026-04-28T00:00:00+00:00,7,669661,25 bps decrease,0,0,0,,,0,0,0,0,0,0,0,False,2026-04-28T00:00:00+00:00,0.0,0.0005,0,-0.0000,not_checked
3,0xe8dd7741ccb12350957ec71e9ee332e0d1e6ec86,75478,2026-04,2026-04-28T00:00:00+00:00,7,669662,No change,0,0,0,,,0,0,0,0,0,0,0,False,2026-04-28T00:00:00+00:00,0.0,0.9985,1,0.0000,not_checked
3,0xe8dd7741ccb12350957ec71e9ee332e0d1e6ec86,75478,2026-04,2026-04-28T00:00:00+00:00,7,669663,25+ bps increase,0,0,0,,,0,0,0,0,0,0,0,False,2026-04-28T00:00:00+00:00,0.0,0.0005,0,-0.0000,not_checked
3,0xe8dd7741ccb12350957ec71e9ee332e0d1e6ec86,75478,2026-04,2026-04-28T00:00:00+00:00,30,669660,50+ bps decrease,497,497,19,2026-03-29T05:17:02+00:00,2026-04-19T16:48:36+00:00,0,0,1835.02,308305.764784,0,310140.784784,-310140.784784,False,2026-04-28T00:00:00+00:00,0.0,0.0005,0,155.0703923920,not_checked
3,0xe8dd7741ccb12350957ec71e9ee332e0d1e6ec86,75478,2026-04,2026-04-28T00:00:00+00:00,30,669661,25 bps decrease,548,484,19,2026-03-29T05:17:02+00:00,2026-04-19T16:48:36+00:00,0,0,0,303827.071230,0,303827.071230,-303827.071230,False,2026-04-28T00:00:00+00:00,0.0,0.0005,0,151.9135356150,not_checked
3,0xe8dd7741ccb12350957ec71e9ee332e0d1e6ec86,75478,2026-04,2026-04-28T00:00:00+00:00,30,669662,No change,466,444,19,2026-03-29T16:59:34+00:00,2026-04-19T16:42:02+00:00,0,0,0,305459.369640,0,305459.369640,-305459.369640,False,2026-04-28T00:00:00+00:00,0.0,0.9985,1,-458.1890544600,not_checked
3,0xe8dd7741ccb12350957ec71e9ee332e0d1e6ec86,75478,2026-04,2026-04-28T00:00:00+00:00,30,669663,25+ bps increase,592,480,19,2026-03-29T05:17:02+00:00,2026-04-19T16:48:36+00:00,7,0,0,305918.953000,0,305918.953000,-305918.953000,False,2026-04-28T00:00:00+00:00,0.0,0.0005,0,152.9594765000,not_checked
6,0x21ffd2b7a212a6f277ed3eca1a9f8efcbca90d71,21255,2025-07,2025-07-29T12:00:00+00:00,1,528972,50+ bps decrease,0,0,0,,,0,0,0,0,0,0,0,False,2025-07-29T00:00:00+00:00,12.0,0.0045,0,-0.0000,not_checked
6,0x21ffd2b7a212a6f277ed3eca1a9f8efcbca90d71,21255,2025-07,2025-07-29T12:00:00+00:00,1,528973,25 bps decrease,0,0,0,,,0,0,0,0,0,0,0,False,2025-07-29T00:00:00+00:00,12.0,0.0325,0,-0.0000,not_checked
6,0x21ffd2b7a212a6f277ed3eca1a9f8efcbca90d71,21255,2025-07,2025-07-29T12:00:00+00:00,1,528974,No change,6,6,1,2025-07-28T12:22:37+00:00,2025-07-28T13:10:36+00:00,0,0,168.082550,0,0,168.082550,-168.082550,False,2025-07-29T00:00:00+00:00,12.0,0.9635,1,-6.1350130750,not_checked
6,0x21ffd2b7a212a6f277ed3eca1a9f8efcbca90d71,21255,2025-07,2025-07-29T12:00:00+00:00,1,528975,25+ bps increase,0,0,0,,,0,0,0,0,0,0,0,False,2025-07-29T00:00:00+00:00,12.0,0.0005,0,-0.0000,not_checked
6,0x21ffd2b7a212a6f277ed3eca1a9f8efcbca90d71,21255,2025-07,2025-07-29T12:00:00+00:00,7,528972,50+ bps decrease,0,0,0,,,0,0,0,0,0,0,0,False,2025-07-29T00:00:00+00:00,12.0,0.0045,0,-0.0000,not_checked
6,0x21ffd2b7a212a6f277ed3eca1a9f8efcbca90d71,21255,2025-07,2025-07-29T12:00:00+00:00,7,528973,25 bps decrease,48,46,4,2025-07-25T13:29:17+00:00,2025-07-28T03:26:49+00:00,0,200.1,877.51,2401.2,2401.203404,5880.013404,-677.406596,True,2025-07-29T00:00:00+00:00,12.0,0.0325,0,22.0157143700,not_checked
6,0x21ffd2b7a212a6f277ed3eca1a9f8efcbca90d71,21255,2025-07,2025-07-29T12:00:00+00:00,7,528974,No change,18,18,3,2025-07-25T13:36:57+00:00,2025-07-28T13:10:36+00:00,0,200.1,200.070578,400.2,800.40,1600.770578,400.229422,True,2025-07-29T00:00:00+00:00,12.0,0.9635,1,14.6083739030,not_checked
6,0x21ffd2b7a212a6f277ed3eca1a9f8efcbca90d71,21255,2025-07,2025-07-29T12:00:00+00:00,7,528975,25+ bps increase,0,0,0,,,0,0,0,0,0,0,0,False,2025-07-29T00:00:00+00:00,12.0,0.0005,0,-0.0000,not_checked
6,0x21ffd2b7a212a6f277ed3eca1a9f8efcbca90d71,21255,2025-07,2025-07-29T12:00:00+00:00,30,528972,50+ bps decrease,0,0,0,,,0,0,0,0,0,0,0,False,2025-07-29T00:00:00+00:00,12.0,0.0045,0,-0.0000,not_checked
6,0x21ffd2b7a212a6f277ed3eca1a9f8efcbca90d71,21255,2025-07,2025-07-29T12:00:00+00:00,30,528973,25 bps decrease,114,110,13,2025-06-29T12:24:14+00:00,2025-07-28T03:26:49+00:00,0,1000.5,1000.51,5283.663499,5411.433404,12696.106903,127.759905,True,2025-07-29T00:00:00+00:00,12.0,0.0325,0,-4.1521969125,not_checked
6,0x21ffd2b7a212a6f277ed3eca1a9f8efcbca90d71,21255,2025-07,2025-07-29T12:00:00+00:00,30,528974,No change,116,112,21,2025-06-29T17:30:17+00:00,2025-07-28T13:10:36+00:00,0,4897.32,5097.391740,800.4,800.40,11595.511740,-200.071740,True,2025-07-29T00:00:00+00:00,12.0,0.9635,1,-7.3026185100,not_checked
6,0x21ffd2b7a212a6f277ed3eca1a9f8efcbca90d71,21255,2025-07,2025-07-29T12:00:00+00:00,30,528975,25+ bps increase,0,0,0,,,0,0,0,0,0,0,0,False,2025-07-29T00:00:00+00:00,12.0,0.0005,0,-0.0000,not_checked
6,0x21ffd2b7a212a6f277ed3eca1a9f8efcbca90d71,24087,2025-09,2025-09-16T12:00:00+00:00,1,542537,50+ bps decrease,59,55,2,2025-09-15T12:00:52+00:00,2025-09-16T10:59:00+00:00,0,0,586.96,1326.78,1618.219910,3531.959910,-295.520090,True,2025-09-16T00:00:00+00:00,12.0,0.068,0,20.095366120,not_checked
6,0x21ffd2b7a212a6f277ed3eca1a9f8efcbca90d71,24087,2025-09,2025-09-16T12:00:00+00:00,1,542538,25 bps decrease,8,8,2,2025-09-15T22:15:14+00:00,2025-09-16T09:32:30+00:00,0,300.0,547.995651,0,0,847.995651,-247.995651,True,2025-09-16T00:00:00+00:00,12.0,0.905,1,-23.559586845,not_checked
6,0x21ffd2b7a212a6f277ed3eca1a9f8efcbca90d71,24087,2025-09,2025-09-16T12:00:00+00:00,1,542539,No change,0,0,0,,,0,0,0,0,0,0,0,False,2025-09-16T00:00:00+00:00,12.0,0.024,0,-0.000,not_checked
6,0x21ffd2b7a212a6f277ed3eca1a9f8efcbca90d71,24087,2025-09,2025-09-16T12:00:00+00:00,1,542540,25+ bps increase,0,0,0,,,0,0,0,0,0,0,0,False,2025-09-16T00:00:00+00:00,12.0,0.0015,0,-0.0000,not_checked
6,0x21ffd2b7a212a6f277ed3eca1a9f8efcbca90d71,24087,2025-09,2025-09-16T12:00:00+00:00,7,542537,50+ bps decrease,413,372,7,2025-09-09T12:19:42+00:00,2025-09-16T10:59:00+00:00,0,2788.00,2733.108859,5600.548240,5361.670882,16483.327981,-183.986217,True,2025-09-16T00:00:00+00:00,12.0,0.068,0,12.511062756,not_checked
6,0x21ffd2b7a212a6f277ed3eca1a9f8efcbca90d71,24087,2025-09,2025-09-16T12:00:00+00:00,7,542538,25 bps decrease,121,115,8,2025-09-09T15:02:52+00:00,2025-09-16T09:32:30+00:00,0,4408.65,4824.944215,856.2,767.14,10856.934215,-505.354215,True,2025-09-16T00:00:00+00:00,12.0,0.905,1,-48.008650425,not_checked
6,0x21ffd2b7a212a6f277ed3eca1a9f8efcbca90d71,24087,2025-09,2025-09-16T12:00:00+00:00,7,542539,No change,378,315,5,2025-09-09T18:24:22+00:00,2025-09-15T00:16:08+00:00,2,1689.808474,2042.86,3627.129629,3375.466133,10735.264236,-604.715022,True,2025-09-16T00:00:00+00:00,12.0,0.024,0,14.513160528,not_checked
6,0x21ffd2b7a212a6f277ed3eca1a9f8efcbca90d71,24087,2025-09,2025-09-16T12:00:00+00:00,7,542540,25+ bps increase,0,0,0,,,0,0,0,0,0,0,0,False,2025-09-16T00:00:00+00:00,12.0,0.0015,0,-0.0000,not_checked
6,0x21ffd2b7a212a6f277ed3eca1a9f8efcbca90d71,24087,2025-09,2025-09-16T12:00:00+00:00,30,542537,50+ bps decrease,1687,1496,30,2025-08-17T12:33:40+00:00,2025-09-16T10:59:00+00:00,4,9372.949335,6057.641056,20388.332583,17168.043017,52986.965991,95.018713,True,2025-09-16T00:00:00+00:00,12.0,0.068,0,-6.461272484,not_checked
6,0x21ffd2b7a212a6f277ed3eca1a9f8efcbca90d71,24087,2025-09,2025-09-16T12:00:00+00:00,30,542538,25 bps decrease,316,293,26,2025-08-17T17:29:46+00:00,2025-09-16T09:32:30+00:00,2,9856.021685,9443.998781,2365.19,2358.10875,24023.319216,404.941654,True,2025-09-16T00:00:00+00:00,12.0,0.905,1,38.469457130,not_checked
6,0x21ffd2b7a212a6f277ed3eca1a9f8efcbca90d71,24087,2025-09,2025-09-16T12:00:00+00:00,30,542539,No change,759,667,28,2025-08-17T12:47:26+00:00,2025-09-15T00:16:08+00:00,2,4213.373392,3390.37,13531.383851,12509.264942,33644.392185,-199.115517,True,2025-09-16T00:00:00+00:00,12.0,0.024,0,4.778772408,not_checked
6,0x21ffd2b7a212a6f277ed3eca1a9f8efcbca90d71,24087,2025-09,2025-09-16T12:00:00+00:00,30,542540,25+ bps increase,6,5,2,2025-08-21T23:36:25+00:00,2025-08-22T00:23:15+00:00,0,18.989666,18.98,19.0,19.0,75.969666,0.009666,True,2025-09-16T00:00:00+00:00,12.0,0.0015,0,-0.0000144990,not_checked
6,0x21ffd2b7a212a6f277ed3eca1a9f8efcbca90d71,27824,2025-10,2025-10-28T12:00:00+00:00,1,553810,50+ bps decrease,0,0,0,,,0,0,0,0,0,0,0,False,2025-10-28T00:00:00+00:00,12.0,0.0045,0,-0.0000,not_checked
6,0x21ffd2b7a212a6f277ed3eca1a9f8efcbca90d71,27824,2025-10,2025-10-28T12:00:00+00:00,1,553811,25 bps decrease,0,0,0,,,0,0,0,0,0,0,0,False,2025-10-28T00:00:00+00:00,12.0,0.9845,1,0.0000,not_checked
6,0x21ffd2b7a212a6f277ed3eca1a9f8efcbca90d71,27824,2025-10,2025-10-28T12:00:00+00:00,1,553812,No change,0,0,0,,,0,0,0,0,0,0,0,False,2025-10-28T00:00:00+00:00,12.0,0.0115,0,-0.0000,not_checked
6,0x21ffd2b7a212a6f277ed3eca1a9f8efcbca90d71,27824,2025-10,2025-10-28T12:00:00+00:00,1,553813,25+ bps increase,0,0,0,,,0,0,0,0,0,0,0,False,2025-10-28T00:00:00+00:00,12.0,0.0005,0,-0.0000,not_checked
6,0x21ffd2b7a212a6f277ed3eca1a9f8efcbca90d71,27824,2025-10,2025-10-28T12:00:00+00:00,7,553810,50+ bps decrease,0,0,0,,,0,0,0,0,0,0,0,False,2025-10-28T00:00:00+00:00,12.0,0.0045,0,-0.0000,not_checked
6,0x21ffd2b7a212a6f277ed3eca1a9f8efcbca90d71,27824,2025-10,2025-10-28T12:00:00+00:00,7,553811,25 bps decrease,0,0,0,,,0,0,0,0,0,0,0,False,2025-10-28T00:00:00+00:00,12.0,0.9845,1,0.0000,not_checked
6,0x21ffd2b7a212a6f277ed3eca1a9f8efcbca90d71,27824,2025-10,2025-10-28T12:00:00+00:00,7,553812,No change,10,8,2,2025-10-22T13:57:20+00:00,2025-10-24T14:33:17+00:00,0,0,0,799.995554,799.99564,1599.991194,0.000086,True,2025-10-28T00:00:00+00:00,12.0,0.0115,0,-9.890E-7,not_checked
6,0x21ffd2b7a212a6f277ed3eca1a9f8efcbca90d71,27824,2025-10,2025-10-28T12:00:00+00:00,7,553813,25+ bps increase,0,0,0,,,0,0,0,0,0,0,0,False,2025-10-28T00:00:00+00:00,12.0,0.0005,0,-0.0000,not_checked
6,0x21ffd2b7a212a6f277ed3eca1a9f8efcbca90d71,27824,2025-10,2025-10-28T12:00:00+00:00,30,553810,50+ bps decrease,0,0,0,,,0,0,0,0,0,0,0,False,2025-10-28T00:00:00+00:00,12.0,0.0045,0,-0.0000,not_checked
6,0x21ffd2b7a212a6f277ed3eca1a9f8efcbca90d71,27824,2025-10,2025-10-28T12:00:00+00:00,30,553811,25 bps decrease,0,0,0,,,0,0,0,0,0,0,0,False,2025-10-28T00:00:00+00:00,12.0,0.9845,1,0.0000,not_checked
6,0x21ffd2b7a212a6f277ed3eca1a9f8efcbca90d71,27824,2025-10,2025-10-28T12:00:00+00:00,30,553812,No change,11,9,3,2025-10-05T10:14:57+00:00,2025-10-24T14:33:17+00:00,0,0,200.1,799.995554,799.99564,1800.091194,-200.099914,True,2025-10-28T00:00:00+00:00,12.0,0.0115,0,2.3011490110,not_checked
6,0x21ffd2b7a212a6f277ed3eca1a9f8efcbca90d71,27824,2025-10,2025-10-28T12:00:00+00:00,30,553813,25+ bps increase,0,0,0,,,0,0,0,0,0,0,0,False,2025-10-28T00:00:00+00:00,12.0,0.0005,0,-0.0000,not_checked
6,0x21ffd2b7a212a6f277ed3eca1a9f8efcbca90d71,35090,2025-12,2025-12-09T00:00:00+00:00,1,570360,50+ bps decrease,5,5,1,2025-12-08T15:45:47+00:00,2025-12-08T16:32:21+00:00,0,0,0,400.0,400.01,800.01,0.01,True,2025-12-09T00:00:00+00:00,0.0,0.008,0,-0.00008,not_checked
6,0x21ffd2b7a212a6f277ed3eca1a9f8efcbca90d71,35090,2025-12,2025-12-09T00:00:00+00:00,1,570361,25 bps decrease,0,0,0,,,0,0,0,0,0,0,0,False,2025-12-09T00:00:00+00:00,0.0,0.935,1,0.000,not_checked
6,0x21ffd2b7a212a6f277ed3eca1a9f8efcbca90d71,35090,2025-12,2025-12-09T00:00:00+00:00,1,570362,No change,0,0,0,,,0,0,0,0,0,0,0,False,2025-12-09T00:00:00+00:00,0.0,0.055,0,-0.000,not_checked
6,0x21ffd2b7a212a6f277ed3eca1a9f8efcbca90d71,35090,2025-12,2025-12-09T00:00:00+00:00,1,570363,25+ bps increase,0,0,0,,,0,0,0,0,0,0,0,False,2025-12-09T00:00:00+00:00,0.0,0.0005,0,-0.0000,not_checked
6,0x21ffd2b7a212a6f277ed3eca1a9f8efcbca90d71,35090,2025-12,2025-12-09T00:00:00+00:00,7,570360,50+ bps decrease,16,16,3,2025-12-02T14:46:38+00:00,2025-12-08T16:32:21+00:00,0,0,0,600.1,600.10,1200.20,0.00,True,2025-12-09T00:00:00+00:00,0.0,0.008,0,-0.00000,not_checked
6,0x21ffd2b7a212a6f277ed3eca1a9f8efcbca90d71,35090,2025-12,2025-12-09T00:00:00+00:00,7,570361,25 bps decrease,1,1,1,2025-12-04T13:57:07+00:00,2025-12-04T13:57:07+00:00,0,0,0,0,598.24,598.24,598.24,False,2025-12-09T00:00:00+00:00,0.0,0.935,1,38.88560,not_checked
6,0x21ffd2b7a212a6f277ed3eca1a9f8efcbca90d71,35090,2025-12,2025-12-09T00:00:00+00:00,7,570362,No change,0,0,0,,,0,0,0,0,0,0,0,False,2025-12-09T00:00:00+00:00,0.0,0.055,0,-0.000,not_checked
6,0x21ffd2b7a212a6f277ed3eca1a9f8efcbca90d71,35090,2025-12,2025-12-09T00:00:00+00:00,7,570363,25+ bps increase,0,0,0,,,0,0,0,0,0,0,0,False,2025-12-09T00:00:00+00:00,0.0,0.0005,0,-0.0000,not_checked
6,0x21ffd2b7a212a6f277ed3eca1a9f8efcbca90d71,35090,2025-12,2025-12-09T00:00:00+00:00,30,570360,50+ bps decrease,32,30,5,2025-11-25T19:01:53+00:00,2025-12-08T16:32:21+00:00,0,0,0,1200.4,1200.40,2400.80,0.00,True,2025-12-09T00:00:00+00:00,0.0,0.008,0,-0.00000,not_checked
6,0x21ffd2b7a212a6f277ed3eca1a9f8efcbca90d71,35090,2025-12,2025-12-09T00:00:00+00:00,30,570361,25 bps decrease,138,135,17,2025-11-09T05:30:35+00:00,2025-12-04T13:57:07+00:00,0,5836.00,4937.064870,5887.51,4155.242306,20815.817176,-833.332564,True,2025-12-09T00:00:00+00:00,0.0,0.935,1,-54.166616660,not_checked
6,0x21ffd2b7a212a6f277ed3eca1a9f8efcbca90d71,35090,2025-12,2025-12-09T00:00:00+00:00,30,570362,No change,116,114,16,2025-11-09T12:29:09+00:00,2025-11-26T18:12:51+00:00,0,2951.28,2195.861693,5655.560486,5688.713468,16491.415647,788.571289,True,2025-12-09T00:00:00+00:00,0.0,0.055,0,-43.371420895,not_checked
6,0x21ffd2b7a212a6f277ed3eca1a9f8efcbca90d71,35090,2025-12,2025-12-09T00:00:00+00:00,30,570363,25+ bps increase,0,0,0,,,0,0,0,0,0,0,0,False,2025-12-09T00:00:00+00:00,0.0,0.0005,0,-0.0000,not_checked
6,0x21ffd2b7a212a6f277ed3eca1a9f8efcbca90d71,45883,2026-01,2026-01-27T00:00:00+00:00,1,601697,50+ bps decrease,0,0,0,,,0,0,0,0,0,0,0,False,2026-01-27T00:00:00+00:00,0.0,0.0005,0,-0.0000,not_checked
6,0x21ffd2b7a212a6f277ed3eca1a9f8efcbca90d71,45883,2026-01,2026-01-27T00:00:00+00:00,1,601698,25 bps decrease,0,0,0,,,0,0,0,0,0,0,0,False,2026-01-27T00:00:00+00:00,0.0,0.0075,0,-0.0000,not_checked
6,0x21ffd2b7a212a6f277ed3eca1a9f8efcbca90d71,45883,2026-01,2026-01-27T00:00:00+00:00,1,601699,No change,0,0,0,,,0,0,0,0,0,0,0,False,2026-01-27T00:00:00+00:00,0.0,0.988,1,0.000,not_checked
6,0x21ffd2b7a212a6f277ed3eca1a9f8efcbca90d71,45883,2026-01,2026-01-27T00:00:00+00:00,1,601700,25+ bps increase,0,0,0,,,0,0,0,0,0,0,0,False,2026-01-27T00:00:00+00:00,0.0,0.0015,0,-0.0000,not_checked
6,0x21ffd2b7a212a6f277ed3eca1a9f8efcbca90d71,45883,2026-01,2026-01-27T00:00:00+00:00,7,601697,50+ bps decrease,0,0,0,,,0,0,0,0,0,0,0,False,2026-01-27T00:00:00+00:00,0.0,0.0005,0,-0.0000,not_checked
6,0x21ffd2b7a212a6f277ed3eca1a9f8efcbca90d71,45883,2026-01,2026-01-27T00:00:00+00:00,7,601698,25 bps decrease,45,39,2,2026-01-20T00:13:52+00:00,2026-01-21T17:36:18+00:00,0,0,0,2800.0,2804.077848,5604.077848,4.077848,True,2026-01-27T00:00:00+00:00,0.0,0.0075,0,-0.0305838600,not_checked
6,0x21ffd2b7a212a6f277ed3eca1a9f8efcbca90d71,45883,2026-01,2026-01-27T00:00:00+00:00,7,601699,No change,0,0,0,,,0,0,0,0,0,0,0,False,2026-01-27T00:00:00+00:00,0.0,0.988,1,0.000,not_checked
6,0x21ffd2b7a212a6f277ed3eca1a9f8efcbca90d71,45883,2026-01,2026-01-27T00:00:00+00:00,7,601700,25+ bps increase,0,0,0,,,0,0,0,0,0,0,0,False,2026-01-27T00:00:00+00:00,0.0,0.0015,0,-0.0000,not_checked
6,0x21ffd2b7a212a6f277ed3eca1a9f8efcbca90d71,45883,2026-01,2026-01-27T00:00:00+00:00,30,601697,50+ bps decrease,0,0,0,,,0,0,0,0,0,0,0,False,2026-01-27T00:00:00+00:00,0.0,0.0005,0,-0.0000,not_checked
6,0x21ffd2b7a212a6f277ed3eca1a9f8efcbca90d71,45883,2026-01,2026-01-27T00:00:00+00:00,30,601698,25 bps decrease,378,365,19,2025-12-28T04:52:17+00:00,2026-01-21T17:36:18+00:00,0,0,0,15600.951427,16148.212219,31749.163646,547.260792,True,2026-01-27T00:00:00+00:00,0.0,0.0075,0,-4.1044559400,not_checked
6,0x21ffd2b7a212a6f277ed3eca1a9f8efcbca90d71,45883,2026-01,2026-01-27T00:00:00+00:00,30,601699,No change,93,90,12,2025-12-28T15:13:05+00:00,2026-01-14T16:56:42+00:00,0,2460.40,3004.865349,3749.99,3749.984842,12965.240191,-544.470507,True,2026-01-27T00:00:00+00:00,0.0,0.988,1,-6.533646084,not_checked
6,0x21ffd2b7a212a6f277ed3eca1a9f8efcbca90d71,45883,2026-01,2026-01-27T00:00:00+00:00,30,601700,25+ bps increase,4,4,3,2026-01-02T08:27:59+00:00,2026-01-08T08:41:51+00:00,0,0,0,400.0,400.0,800.0,0.0,True,2026-01-27T00:00:00+00:00,0.0,0.0015,0,-0.00000,not_checked
6,0x21ffd2b7a212a6f277ed3eca1a9f8efcbca90d71,67284,2026-03,2026-03-17T00:00:00+00:00,1,654412,50+ bps decrease,0,0,0,,,0,0,0,0,0,0,0,False,2026-03-17T00:00:00+00:00,0.0,0.0005,0,-0.0000,not_checked
6,0x21ffd2b7a212a6f277ed3eca1a9f8efcbca90d71,67284,2026-03,2026-03-17T00:00:00+00:00,1,654413,25 bps decrease,0,0,0,,,0,0,0,0,0,0,0,False,2026-03-17T00:00:00+00:00,0.0,0.0035,0,-0.0000,not_checked
6,0x21ffd2b7a212a6f277ed3eca1a9f8efcbca90d71,67284,2026-03,2026-03-17T00:00:00+00:00,1,654414,No change,0,0,0,,,0,0,0,0,0,0,0,False,2026-03-17T00:00:00+00:00,0.0,0.9945,1,0.0000,not_checked
6,0x21ffd2b7a212a6f277ed3eca1a9f8efcbca90d71,67284,2026-03,2026-03-17T00:00:00+00:00,1,654415,25+ bps increase,0,0,0,,,0,0,0,0,0,0,0,False,2026-03-17T00:00:00+00:00,0.0,0.0005,0,-0.0000,not_checked
6,0x21ffd2b7a212a6f277ed3eca1a9f8efcbca90d71,67284,2026-03,2026-03-17T00:00:00+00:00,7,654412,50+ bps decrease,0,0,0,,,0,0,0,0,0,0,0,False,2026-03-17T00:00:00+00:00,0.0,0.0005,0,-0.0000,not_checked
6,0x21ffd2b7a212a6f277ed3eca1a9f8efcbca90d71,67284,2026-03,2026-03-17T00:00:00+00:00,7,654413,25 bps decrease,0,0,0,,,0,0,0,0,0,0,0,False,2026-03-17T00:00:00+00:00,0.0,0.0035,0,-0.0000,not_checked
6,0x21ffd2b7a212a6f277ed3eca1a9f8efcbca90d71,67284,2026-03,2026-03-17T00:00:00+00:00,7,654414,No change,0,0,0,,,0,0,0,0,0,0,0,False,2026-03-17T00:00:00+00:00,0.0,0.9945,1,0.0000,not_checked
6,0x21ffd2b7a212a6f277ed3eca1a9f8efcbca90d71,67284,2026-03,2026-03-17T00:00:00+00:00,7,654415,25+ bps increase,0,0,0,,,0,0,0,0,0,0,0,False,2026-03-17T00:00:00+00:00,0.0,0.0005,0,-0.0000,not_checked
6,0x21ffd2b7a212a6f277ed3eca1a9f8efcbca90d71,67284,2026-03,2026-03-17T00:00:00+00:00,30,654412,50+ bps decrease,0,0,0,,,0,0,0,0,0,0,0,False,2026-03-17T00:00:00+00:00,0.0,0.0005,0,-0.0000,not_checked
6,0x21ffd2b7a212a6f277ed3eca1a9f8efcbca90d71,67284,2026-03,2026-03-17T00:00:00+00:00,30,654413,25 bps decrease,30,28,6,2026-02-15T03:04:45+00:00,2026-03-01T16:55:57+00:00,0,0,0,1741.55,2264.90,4006.45,523.35,True,2026-03-17T00:00:00+00:00,0.0,0.0035,0,-1.831725,not_checked
6,0x21ffd2b7a212a6f277ed3eca1a9f8efcbca90d71,67284,2026-03,2026-03-17T00:00:00+00:00,30,654414,No change,18,18,4,2026-02-15T16:24:07+00:00,2026-03-07T02:01:01+00:00,0,622.0,919.950407,0,0,1541.950407,-297.950407,True,2026-03-17T00:00:00+00:00,0.0,0.9945,1,-1.6387272385,not_checked
6,0x21ffd2b7a212a6f277ed3eca1a9f8efcbca90d71,67284,2026-03,2026-03-17T00:00:00+00:00,30,654415,25+ bps increase,0,0,0,,,0,0,0,0,0,0,0,False,2026-03-17T00:00:00+00:00,0.0,0.0005,0,-0.0000,not_checked
6,0x21ffd2b7a212a6f277ed3eca1a9f8efcbca90d71,75478,2026-04,2026-04-28T00:00:00+00:00,1,669660,50+ bps decrease,0,0,0,,,0,0,0,0,0,0,0,False,2026-04-28T00:00:00+00:00,0.0,0.0005,0,-0.0000,not_checked
6,0x21ffd2b7a212a6f277ed3eca1a9f8efcbca90d71,75478,2026-04,2026-04-28T00:00:00+00:00,1,669661,25 bps decrease,0,0,0,,,0,0,0,0,0,0,0,False,2026-04-28T00:00:00+00:00,0.0,0.0005,0,-0.0000,not_checked
6,0x21ffd2b7a212a6f277ed3eca1a9f8efcbca90d71,75478,2026-04,2026-04-28T00:00:00+00:00,1,669662,No change,0,0,0,,,0,0,0,0,0,0,0,False,2026-04-28T00:00:00+00:00,0.0,0.9985,1,0.0000,not_checked
6,0x21ffd2b7a212a6f277ed3eca1a9f8efcbca90d71,75478,2026-04,2026-04-28T00:00:00+00:00,1,669663,25+ bps increase,0,0,0,,,0,0,0,0,0,0,0,False,2026-04-28T00:00:00+00:00,0.0,0.0005,0,-0.0000,not_checked
6,0x21ffd2b7a212a6f277ed3eca1a9f8efcbca90d71,75478,2026-04,2026-04-28T00:00:00+00:00,7,669660,50+ bps decrease,0,0,0,,,0,0,0,0,0,0,0,False,2026-04-28T00:00:00+00:00,0.0,0.0005,0,-0.0000,not_checked
6,0x21ffd2b7a212a6f277ed3eca1a9f8efcbca90d71,75478,2026-04,2026-04-28T00:00:00+00:00,7,669661,25 bps decrease,0,0,0,,,0,0,0,0,0,0,0,False,2026-04-28T00:00:00+00:00,0.0,0.0005,0,-0.0000,not_checked
6,0x21ffd2b7a212a6f277ed3eca1a9f8efcbca90d71,75478,2026-04,2026-04-28T00:00:00+00:00,7,669662,No change,0,0,0,,,0,0,0,0,0,0,0,False,2026-04-28T00:00:00+00:00,0.0,0.9985,1,0.0000,not_checked
6,0x21ffd2b7a212a6f277ed3eca1a9f8efcbca90d71,75478,2026-04,2026-04-28T00:00:00+00:00,7,669663,25+ bps increase,0,0,0,,,0,0,0,0,0,0,0,False,2026-04-28T00:00:00+00:00,0.0,0.0005,0,-0.0000,not_checked
6,0x21ffd2b7a212a6f277ed3eca1a9f8efcbca90d71,75478,2026-04,2026-04-28T00:00:00+00:00,30,669660,50+ bps decrease,0,0,0,,,0,0,0,0,0,0,0,False,2026-04-28T00:00:00+00:00,0.0,0.0005,0,-0.0000,not_checked
6,0x21ffd2b7a212a6f277ed3eca1a9f8efcbca90d71,75478,2026-04,2026-04-28T00:00:00+00:00,30,669661,25 bps decrease,120,118,6,2026-04-10T13:26:23+00:00,2026-04-17T05:03:36+00:00,0,0,0,6204.654442,6204.661639,12409.316081,0.007197,True,2026-04-28T00:00:00+00:00,0.0,0.0005,0,-0.0000035985,not_checked
6,0x21ffd2b7a212a6f277ed3eca1a9f8efcbca90d71,75478,2026-04,2026-04-28T00:00:00+00:00,30,669662,No change,18,18,5,2026-04-10T19:52:23+00:00,2026-04-18T08:10:46+00:00,0,1249.0,1248.94,0,0,2497.94,0.06,True,2026-04-28T00:00:00+00:00,0.0,0.9985,1,0.000090,not_checked
6,0x21ffd2b7a212a6f277ed3eca1a9f8efcbca90d71,75478,2026-04,2026-04-28T00:00:00+00:00,30,669663,25+ bps increase,43,43,4,2026-04-05T18:48:33+00:00,2026-04-11T09:52:49+00:00,0,0,0,2680.0,2680.01,5360.01,0.01,True,2026-04-28T00:00:00+00:00,0.0,0.0005,0,-0.000005,not_checked
7,0xbc54e69667ceb6ccec538e5a0ba1927fc1fe680f,21255,2025-07,2025-07-29T12:00:00+00:00,1,528972,50+ bps decrease,0,0,0,,,0,0,0,0,0,0,0,False,2025-07-29T00:00:00+00:00,12.0,0.0045,0,-0.0000,not_checked
7,0xbc54e69667ceb6ccec538e5a0ba1927fc1fe680f,21255,2025-07,2025-07-29T12:00:00+00:00,1,528973,25 bps decrease,0,0,0,,,0,0,0,0,0,0,0,False,2025-07-29T00:00:00+00:00,12.0,0.0325,0,-0.0000,not_checked
7,0xbc54e69667ceb6ccec538e5a0ba1927fc1fe680f,21255,2025-07,2025-07-29T12:00:00+00:00,1,528974,No change,0,0,0,,,0,0,0,0,0,0,0,False,2025-07-29T00:00:00+00:00,12.0,0.9635,1,0.0000,not_checked
7,0xbc54e69667ceb6ccec538e5a0ba1927fc1fe680f,21255,2025-07,2025-07-29T12:00:00+00:00,1,528975,25+ bps increase,0,0,0,,,0,0,0,0,0,0,0,False,2025-07-29T00:00:00+00:00,12.0,0.0005,0,-0.0000,not_checked
7,0xbc54e69667ceb6ccec538e5a0ba1927fc1fe680f,21255,2025-07,2025-07-29T12:00:00+00:00,7,528972,50+ bps decrease,0,0,0,,,0,0,0,0,0,0,0,False,2025-07-29T00:00:00+00:00,12.0,0.0045,0,-0.0000,not_checked
7,0xbc54e69667ceb6ccec538e5a0ba1927fc1fe680f,21255,2025-07,2025-07-29T12:00:00+00:00,7,528973,25 bps decrease,0,0,0,,,0,0,0,0,0,0,0,False,2025-07-29T00:00:00+00:00,12.0,0.0325,0,-0.0000,not_checked
7,0xbc54e69667ceb6ccec538e5a0ba1927fc1fe680f,21255,2025-07,2025-07-29T12:00:00+00:00,7,528974,No change,0,0,0,,,0,0,0,0,0,0,0,False,2025-07-29T00:00:00+00:00,12.0,0.9635,1,0.0000,not_checked
7,0xbc54e69667ceb6ccec538e5a0ba1927fc1fe680f,21255,2025-07,2025-07-29T12:00:00+00:00,7,528975,25+ bps increase,0,0,0,,,0,0,0,0,0,0,0,False,2025-07-29T00:00:00+00:00,12.0,0.0005,0,-0.0000,not_checked
7,0xbc54e69667ceb6ccec538e5a0ba1927fc1fe680f,21255,2025-07,2025-07-29T12:00:00+00:00,30,528972,50+ bps decrease,23,23,2,2025-07-13T14:09:45+00:00,2025-07-15T16:08:44+00:00,0,2929.879531,2929.88,0,0,5859.759531,-0.000469,True,2025-07-29T00:00:00+00:00,12.0,0.0045,0,0.0000021105,not_checked
7,0xbc54e69667ceb6ccec538e5a0ba1927fc1fe680f,21255,2025-07,2025-07-29T12:00:00+00:00,30,528973,25 bps decrease,0,0,0,,,0,0,0,0,0,0,0,False,2025-07-29T00:00:00+00:00,12.0,0.0325,0,-0.0000,not_checked
7,0xbc54e69667ceb6ccec538e5a0ba1927fc1fe680f,21255,2025-07,2025-07-29T12:00:00+00:00,30,528974,No change,0,0,0,,,0,0,0,0,0,0,0,False,2025-07-29T00:00:00+00:00,12.0,0.9635,1,0.0000,not_checked
7,0xbc54e69667ceb6ccec538e5a0ba1927fc1fe680f,21255,2025-07,2025-07-29T12:00:00+00:00,30,528975,25+ bps increase,2,2,2,2025-07-11T07:35:26+00:00,2025-07-13T21:36:43+00:00,0,0,0,10000.0,0,10000.0,-10000.0,False,2025-07-29T00:00:00+00:00,12.0,0.0005,0,5.00000,not_checked
7,0xbc54e69667ceb6ccec538e5a0ba1927fc1fe680f,24087,2025-09,2025-09-16T12:00:00+00:00,1,542537,50+ bps decrease,30,30,2,2025-09-15T18:21:34+00:00,2025-09-16T11:54:02+00:00,0,2923.967052,2923.970663,0,0,5847.937715,-0.003611,True,2025-09-16T00:00:00+00:00,12.0,0.068,0,0.000245548,not_checked
7,0xbc54e69667ceb6ccec538e5a0ba1927fc1fe680f,24087,2025-09,2025-09-16T12:00:00+00:00,1,542538,25 bps decrease,0,0,0,,,0,0,0,0,0,0,0,False,2025-09-16T00:00:00+00:00,12.0,0.905,1,0.000,not_checked
7,0xbc54e69667ceb6ccec538e5a0ba1927fc1fe680f,24087,2025-09,2025-09-16T12:00:00+00:00,1,542539,No change,58,56,2,2025-09-15T12:56:32+00:00,2025-09-16T04:37:42+00:00,0,13499.925254,16499.933328,0,0,29999.858582,-3000.008074,True,2025-09-16T00:00:00+00:00,12.0,0.024,0,72.000193776,not_checked
7,0xbc54e69667ceb6ccec538e5a0ba1927fc1fe680f,24087,2025-09,2025-09-16T12:00:00+00:00,1,542540,25+ bps increase,0,0,0,,,0,0,0,0,0,0,0,False,2025-09-16T00:00:00+00:00,12.0,0.0015,0,-0.0000,not_checked
7,0xbc54e69667ceb6ccec538e5a0ba1927fc1fe680f,24087,2025-09,2025-09-16T12:00:00+00:00,7,542537,50+ bps decrease,220,205,8,2025-09-09T18:07:32+00:00,2025-09-16T11:54:02+00:00,2,28170.485111,28670.480178,0,0,56840.965289,-499.995067,True,2025-09-16T00:00:00+00:00,12.0,0.068,0,33.999664556,not_checked
7,0xbc54e69667ceb6ccec538e5a0ba1927fc1fe680f,24087,2025-09,2025-09-16T12:00:00+00:00,7,542538,25 bps decrease,2,2,1,2025-09-12T01:42:45+00:00,2025-09-12T14:12:17+00:00,0,500.0,500.02,0,0,1000.02,-0.02,True,2025-09-16T00:00:00+00:00,12.0,0.905,1,-0.00190,not_checked
7,0xbc54e69667ceb6ccec538e5a0ba1927fc1fe680f,24087,2025-09,2025-09-16T12:00:00+00:00,7,542539,No change,254,242,6,2025-09-11T10:57:49+00:00,2025-09-16T04:37:42+00:00,0,77999.765746,78199.769326,0,0,156199.535072,-200.003580,True,2025-09-16T00:00:00+00:00,12.0,0.024,0,4.800085920,not_checked
7,0xbc54e69667ceb6ccec538e5a0ba1927fc1fe680f,24087,2025-09,2025-09-16T12:00:00+00:00,7,542540,25+ bps increase,11,11,1,2025-09-14T14:41:48+00:00,2025-09-14T15:33:22+00:00,0,0,0,0,10999.97225,10999.97225,10999.97225,False,2025-09-16T00:00:00+00:00,12.0,0.0015,0,-16.499958375,not_checked
7,0xbc54e69667ceb6ccec538e5a0ba1927fc1fe680f,24087,2025-09,2025-09-16T12:00:00+00:00,30,542537,50+ bps decrease,221,206,9,2025-09-05T15:38:56+00:00,2025-09-16T11:54:02+00:00,2,28670.485111,28670.480178,0,0,57340.965289,0.004933,True,2025-09-16T00:00:00+00:00,12.0,0.068,0,-0.000335444,not_checked
7,0xbc54e69667ceb6ccec538e5a0ba1927fc1fe680f,24087,2025-09,2025-09-16T12:00:00+00:00,30,542538,25 bps decrease,2,2,1,2025-09-12T01:42:45+00:00,2025-09-12T14:12:17+00:00,0,500.0,500.02,0,0,1000.02,-0.02,True,2025-09-16T00:00:00+00:00,12.0,0.905,1,-0.00190,not_checked
7,0xbc54e69667ceb6ccec538e5a0ba1927fc1fe680f,24087,2025-09,2025-09-16T12:00:00+00:00,30,542539,No change,254,242,6,2025-09-11T10:57:49+00:00,2025-09-16T04:37:42+00:00,0,77999.765746,78199.769326,0,0,156199.535072,-200.003580,True,2025-09-16T00:00:00+00:00,12.0,0.024,0,4.800085920,not_checked
7,0xbc54e69667ceb6ccec538e5a0ba1927fc1fe680f,24087,2025-09,2025-09-16T12:00:00+00:00,30,542540,25+ bps increase,29,29,5,2025-08-21T21:37:37+00:00,2025-09-14T15:33:22+00:00,0,0,0,7999.992,15999.96225,23999.95425,7999.97025,True,2025-09-16T00:00:00+00:00,12.0,0.0015,0,-11.999955375,not_checked
7,0xbc54e69667ceb6ccec538e5a0ba1927fc1fe680f,27824,2025-10,2025-10-28T12:00:00+00:00,1,553810,50+ bps decrease,23,22,2,2025-10-27T12:05:59+00:00,2025-10-28T06:13:13+00:00,2,11000.00,13341.836187,0,0,24341.836187,-2341.836187,True,2025-10-28T00:00:00+00:00,12.0,0.0045,0,10.5382628415,not_checked
7,0xbc54e69667ceb6ccec538e5a0ba1927fc1fe680f,27824,2025-10,2025-10-28T12:00:00+00:00,1,553811,25 bps decrease,0,0,0,,,0,0,0,0,0,0,0,False,2025-10-28T00:00:00+00:00,12.0,0.9845,1,0.0000,not_checked
7,0xbc54e69667ceb6ccec538e5a0ba1927fc1fe680f,27824,2025-10,2025-10-28T12:00:00+00:00,1,553812,No change,0,0,0,,,0,0,0,0,0,0,0,False,2025-10-28T00:00:00+00:00,12.0,0.0115,0,-0.0000,not_checked
7,0xbc54e69667ceb6ccec538e5a0ba1927fc1fe680f,27824,2025-10,2025-10-28T12:00:00+00:00,1,553813,25+ bps increase,0,0,0,,,0,0,0,0,0,0,0,False,2025-10-28T00:00:00+00:00,12.0,0.0005,0,-0.0000,not_checked
7,0xbc54e69667ceb6ccec538e5a0ba1927fc1fe680f,27824,2025-10,2025-10-28T12:00:00+00:00,7,553810,50+ bps decrease,306,293,8,2025-10-21T12:50:27+00:00,2025-10-28T06:13:13+00:00,2,139604.349901,140604.339905,0,0,280208.689806,-999.990004,True,2025-10-28T00:00:00+00:00,12.0,0.0045,0,4.4999550180,not_checked
7,0xbc54e69667ceb6ccec538e5a0ba1927fc1fe680f,27824,2025-10,2025-10-28T12:00:00+00:00,7,553811,25 bps decrease,0,0,0,,,0,0,0,0,0,0,0,False,2025-10-28T00:00:00+00:00,12.0,0.9845,1,0.0000,not_checked
7,0xbc54e69667ceb6ccec538e5a0ba1927fc1fe680f,27824,2025-10,2025-10-28T12:00:00+00:00,7,553812,No change,6,6,2,2025-10-26T07:55:45+00:00,2025-10-27T08:43:03+00:00,0,2000.0,1999.991111,0,0,3999.991111,0.008889,True,2025-10-28T00:00:00+00:00,12.0,0.0115,0,-0.0001022235,not_checked
7,0xbc54e69667ceb6ccec538e5a0ba1927fc1fe680f,27824,2025-10,2025-10-28T12:00:00+00:00,7,553813,25+ bps increase,0,0,0,,,0,0,0,0,0,0,0,False,2025-10-28T00:00:00+00:00,12.0,0.0005,0,-0.0000,not_checked
7,0xbc54e69667ceb6ccec538e5a0ba1927fc1fe680f,27824,2025-10,2025-10-28T12:00:00+00:00,30,553810,50+ bps decrease,346,333,13,2025-10-02T04:02:47+00:00,2025-10-28T06:13:13+00:00,2,149004.338414,149004.329428,0,0,298008.667842,0.008986,True,2025-10-28T00:00:00+00:00,12.0,0.0045,0,-0.0000404370,not_checked
7,0xbc54e69667ceb6ccec538e5a0ba1927fc1fe680f,27824,2025-10,2025-10-28T12:00:00+00:00,30,553811,25 bps decrease,0,0,0,,,0,0,0,0,0,0,0,False,2025-10-28T00:00:00+00:00,12.0,0.9845,1,0.0000,not_checked
7,0xbc54e69667ceb6ccec538e5a0ba1927fc1fe680f,27824,2025-10,2025-10-28T12:00:00+00:00,30,553812,No change,6,6,2,2025-10-26T07:55:45+00:00,2025-10-27T08:43:03+00:00,0,2000.0,1999.991111,0,0,3999.991111,0.008889,True,2025-10-28T00:00:00+00:00,12.0,0.0115,0,-0.0001022235,not_checked
7,0xbc54e69667ceb6ccec538e5a0ba1927fc1fe680f,27824,2025-10,2025-10-28T12:00:00+00:00,30,553813,25+ bps increase,2,2,2,2025-10-03T18:17:28+00:00,2025-10-08T15:33:36+00:00,0,0,0,0,3000.02,3000.02,3000.02,False,2025-10-28T00:00:00+00:00,12.0,0.0005,0,-1.500010,not_checked
7,0xbc54e69667ceb6ccec538e5a0ba1927fc1fe680f,35090,2025-12,2025-12-09T00:00:00+00:00,1,570360,50+ bps decrease,0,0,0,,,0,0,0,0,0,0,0,False,2025-12-09T00:00:00+00:00,0.0,0.008,0,-0.000,not_checked
7,0xbc54e69667ceb6ccec538e5a0ba1927fc1fe680f,35090,2025-12,2025-12-09T00:00:00+00:00,1,570361,25 bps decrease,0,0,0,,,0,0,0,0,0,0,0,False,2025-12-09T00:00:00+00:00,0.0,0.935,1,0.000,not_checked
7,0xbc54e69667ceb6ccec538e5a0ba1927fc1fe680f,35090,2025-12,2025-12-09T00:00:00+00:00,1,570362,No change,0,0,0,,,0,0,0,0,0,0,0,False,2025-12-09T00:00:00+00:00,0.0,0.055,0,-0.000,not_checked
7,0xbc54e69667ceb6ccec538e5a0ba1927fc1fe680f,35090,2025-12,2025-12-09T00:00:00+00:00,1,570363,25+ bps increase,0,0,0,,,0,0,0,0,0,0,0,False,2025-12-09T00:00:00+00:00,0.0,0.0005,0,-0.0000,not_checked
7,0xbc54e69667ceb6ccec538e5a0ba1927fc1fe680f,35090,2025-12,2025-12-09T00:00:00+00:00,7,570360,50+ bps decrease,88,82,5,2025-12-02T13:46:48+00:00,2025-12-06T13:58:59+00:00,2,92999.888072,92999.882854,0,0,185999.770926,0.005218,True,2025-12-09T00:00:00+00:00,0.0,0.008,0,-0.000041744,not_checked
7,0xbc54e69667ceb6ccec538e5a0ba1927fc1fe680f,35090,2025-12,2025-12-09T00:00:00+00:00,7,570361,25 bps decrease,0,0,0,,,0,0,0,0,0,0,0,False,2025-12-09T00:00:00+00:00,0.0,0.935,1,0.000,not_checked
7,0xbc54e69667ceb6ccec538e5a0ba1927fc1fe680f,35090,2025-12,2025-12-09T00:00:00+00:00,7,570362,No change,0,0,0,,,0,0,0,0,0,0,0,False,2025-12-09T00:00:00+00:00,0.0,0.055,0,-0.000,not_checked
7,0xbc54e69667ceb6ccec538e5a0ba1927fc1fe680f,35090,2025-12,2025-12-09T00:00:00+00:00,7,570363,25+ bps increase,10,10,1,2025-12-07T11:03:55+00:00,2025-12-07T11:21:57+00:00,0,0,0,0,3200.087395,3200.087395,3200.087395,False,2025-12-09T00:00:00+00:00,0.0,0.0005,0,-1.6000436975,not_checked
7,0xbc54e69667ceb6ccec538e5a0ba1927fc1fe680f,35090,2025-12,2025-12-09T00:00:00+00:00,30,570360,50+ bps decrease,148,140,12,2025-11-20T08:46:51+00:00,2025-12-06T13:58:59+00:00,2,118999.847081,118999.838748,0,0,237999.685829,0.008333,True,2025-12-09T00:00:00+00:00,0.0,0.008,0,-0.000066664,not_checked
7,0xbc54e69667ceb6ccec538e5a0ba1927fc1fe680f,35090,2025-12,2025-12-09T00:00:00+00:00,30,570361,25 bps decrease,0,0,0,,,0,0,0,0,0,0,0,False,2025-12-09T00:00:00+00:00,0.0,0.935,1,0.000,not_checked
7,0xbc54e69667ceb6ccec538e5a0ba1927fc1fe680f,35090,2025-12,2025-12-09T00:00:00+00:00,30,570362,No change,5,5,2,2025-11-15T18:12:51+00:00,2025-11-21T13:15:55+00:00,0,200.00,0,0,0,200.00,200.00,False,2025-12-09T00:00:00+00:00,0.0,0.055,0,-11.00000,not_checked
7,0xbc54e69667ceb6ccec538e5a0ba1927fc1fe680f,35090,2025-12,2025-12-09T00:00:00+00:00,30,570363,25+ bps increase,14,14,2,2025-11-15T13:07:37+00:00,2025-12-07T11:21:57+00:00,0,0,0,1000.00,3200.087395,4200.087395,2200.087395,True,2025-12-09T00:00:00+00:00,0.0,0.0005,0,-1.1000436975,not_checked
7,0xbc54e69667ceb6ccec538e5a0ba1927fc1fe680f,45883,2026-01,2026-01-27T00:00:00+00:00,1,601697,50+ bps decrease,14,11,1,2026-01-26T09:12:43+00:00,2026-01-26T20:10:41+00:00,0,79999.994,75000.0,0,0,154999.994,4999.994,True,2026-01-27T00:00:00+00:00,0.0,0.0005,0,-2.4999970,not_checked
7,0xbc54e69667ceb6ccec538e5a0ba1927fc1fe680f,45883,2026-01,2026-01-27T00:00:00+00:00,1,601698,25 bps decrease,0,0,0,,,0,0,0,0,0,0,0,False,2026-01-27T00:00:00+00:00,0.0,0.0075,0,-0.0000,not_checked
7,0xbc54e69667ceb6ccec538e5a0ba1927fc1fe680f,45883,2026-01,2026-01-27T00:00:00+00:00,1,601699,No change,0,0,0,,,0,0,0,0,0,0,0,False,2026-01-27T00:00:00+00:00,0.0,0.988,1,0.000,not_checked
7,0xbc54e69667ceb6ccec538e5a0ba1927fc1fe680f,45883,2026-01,2026-01-27T00:00:00+00:00,1,601700,25+ bps increase,0,0,0,,,0,0,0,0,0,0,0,False,2026-01-27T00:00:00+00:00,0.0,0.0015,0,-0.0000,not_checked
7,0xbc54e69667ceb6ccec538e5a0ba1927fc1fe680f,45883,2026-01,2026-01-27T00:00:00+00:00,7,601697,50+ bps decrease,16,13,3,2026-01-21T18:58:34+00:00,2026-01-26T20:10:41+00:00,0,104999.994,99999.99,0,0,204999.984,5000.004,True,2026-01-27T00:00:00+00:00,0.0,0.0005,0,-2.5000020,not_checked
7,0xbc54e69667ceb6ccec538e5a0ba1927fc1fe680f,45883,2026-01,2026-01-27T00:00:00+00:00,7,601698,25 bps decrease,0,0,0,,,0,0,0,0,0,0,0,False,2026-01-27T00:00:00+00:00,0.0,0.0075,0,-0.0000,not_checked
7,0xbc54e69667ceb6ccec538e5a0ba1927fc1fe680f,45883,2026-01,2026-01-27T00:00:00+00:00,7,601699,No change,0,0,0,,,0,0,0,0,0,0,0,False,2026-01-27T00:00:00+00:00,0.0,0.988,1,0.000,not_checked
7,0xbc54e69667ceb6ccec538e5a0ba1927fc1fe680f,45883,2026-01,2026-01-27T00:00:00+00:00,7,601700,25+ bps increase,0,0,0,,,0,0,0,0,0,0,0,False,2026-01-27T00:00:00+00:00,0.0,0.0015,0,-0.0000,not_checked
7,0xbc54e69667ceb6ccec538e5a0ba1927fc1fe680f,45883,2026-01,2026-01-27T00:00:00+00:00,30,601697,50+ bps decrease,111,107,14,2026-01-01T10:33:27+00:00,2026-01-26T20:10:41+00:00,2,209999.907824,179999.91,0,0,389999.817824,29999.997824,True,2026-01-27T00:00:00+00:00,0.0,0.0005,0,-14.9999989120,not_checked
7,0xbc54e69667ceb6ccec538e5a0ba1927fc1fe680f,45883,2026-01,2026-01-27T00:00:00+00:00,30,601698,25 bps decrease,0,0,0,,,0,0,0,0,0,0,0,False,2026-01-27T00:00:00+00:00,0.0,0.0075,0,-0.0000,not_checked
7,0xbc54e69667ceb6ccec538e5a0ba1927fc1fe680f,45883,2026-01,2026-01-27T00:00:00+00:00,30,601699,No change,0,0,0,,,0,0,0,0,0,0,0,False,2026-01-27T00:00:00+00:00,0.0,0.988,1,0.000,not_checked
7,0xbc54e69667ceb6ccec538e5a0ba1927fc1fe680f,45883,2026-01,2026-01-27T00:00:00+00:00,30,601700,25+ bps increase,0,0,0,,,0,0,0,0,0,0,0,False,2026-01-27T00:00:00+00:00,0.0,0.0015,0,-0.0000,not_checked
7,0xbc54e69667ceb6ccec538e5a0ba1927fc1fe680f,67284,2026-03,2026-03-17T00:00:00+00:00,1,654412,50+ bps decrease,0,0,0,,,0,0,0,0,0,0,0,False,2026-03-17T00:00:00+00:00,0.0,0.0005,0,-0.0000,not_checked
7,0xbc54e69667ceb6ccec538e5a0ba1927fc1fe680f,67284,2026-03,2026-03-17T00:00:00+00:00,1,654413,25 bps decrease,48,48,1,2026-03-16T00:01:39+00:00,2026-03-16T21:30:41+00:00,0,122510.930164,123736.83,0,0,246247.760164,-1225.899836,True,2026-03-17T00:00:00+00:00,0.0,0.0035,0,4.2906494260,not_checked
7,0xbc54e69667ceb6ccec538e5a0ba1927fc1fe680f,67284,2026-03,2026-03-17T00:00:00+00:00,1,654414,No change,0,0,0,,,0,0,0,0,0,0,0,False,2026-03-17T00:00:00+00:00,0.0,0.9945,1,0.0000,not_checked
7,0xbc54e69667ceb6ccec538e5a0ba1927fc1fe680f,67284,2026-03,2026-03-17T00:00:00+00:00,1,654415,25+ bps increase,0,0,0,,,0,0,0,0,0,0,0,False,2026-03-17T00:00:00+00:00,0.0,0.0005,0,-0.0000,not_checked
7,0xbc54e69667ceb6ccec538e5a0ba1927fc1fe680f,67284,2026-03,2026-03-17T00:00:00+00:00,7,654412,50+ bps decrease,0,0,0,,,0,0,0,0,0,0,0,False,2026-03-17T00:00:00+00:00,0.0,0.0005,0,-0.0000,not_checked
7,0xbc54e69667ceb6ccec538e5a0ba1927fc1fe680f,67284,2026-03,2026-03-17T00:00:00+00:00,7,654413,25 bps decrease,376,369,7,2026-03-10T23:28:47+00:00,2026-03-16T21:30:41+00:00,0,355325.276226,349062.027360,0,0,704387.303586,6263.248866,True,2026-03-17T00:00:00+00:00,0.0,0.0035,0,-21.9213710310,not_checked
7,0xbc54e69667ceb6ccec538e5a0ba1927fc1fe680f,67284,2026-03,2026-03-17T00:00:00+00:00,7,654414,No change,0,0,0,,,0,0,0,0,0,0,0,False,2026-03-17T00:00:00+00:00,0.0,0.9945,1,0.0000,not_checked
7,0xbc54e69667ceb6ccec538e5a0ba1927fc1fe680f,67284,2026-03,2026-03-17T00:00:00+00:00,7,654415,25+ bps increase,0,0,0,,,0,0,0,0,0,0,0,False,2026-03-17T00:00:00+00:00,0.0,0.0005,0,-0.0000,not_checked
7,0xbc54e69667ceb6ccec538e5a0ba1927fc1fe680f,67284,2026-03,2026-03-17T00:00:00+00:00,30,654412,50+ bps decrease,25,25,3,2026-02-15T06:46:37+00:00,2026-02-19T15:54:18+00:00,0,20000.0,25000.009994,0,0,45000.009994,-5000.009994,True,2026-03-17T00:00:00+00:00,0.0,0.0005,0,2.5000049970,not_checked
7,0xbc54e69667ceb6ccec538e5a0ba1927fc1fe680f,67284,2026-03,2026-03-17T00:00:00+00:00,30,654413,25 bps decrease,542,532,17,2026-02-21T20:49:54+00:00,2026-03-16T21:30:41+00:00,0,423999.139470,417735.889576,0,0,841735.029046,6263.249894,True,2026-03-17T00:00:00+00:00,0.0,0.0035,0,-21.9213746290,not_checked
7,0xbc54e69667ceb6ccec538e5a0ba1927fc1fe680f,67284,2026-03,2026-03-17T00:00:00+00:00,30,654414,No change,0,0,0,,,0,0,0,0,0,0,0,False,2026-03-17T00:00:00+00:00,0.0,0.9945,1,0.0000,not_checked
7,0xbc54e69667ceb6ccec538e5a0ba1927fc1fe680f,67284,2026-03,2026-03-17T00:00:00+00:00,30,654415,25+ bps increase,1,1,1,2026-03-02T04:55:53+00:00,2026-03-02T04:55:53+00:00,0,0,0,0,1000.0,1000.0,1000.0,False,2026-03-17T00:00:00+00:00,0.0,0.0005,0,-0.50000,not_checked
7,0xbc54e69667ceb6ccec538e5a0ba1927fc1fe680f,75478,2026-04,2026-04-28T00:00:00+00:00,1,669660,50+ bps decrease,0,0,0,,,0,0,0,0,0,0,0,False,2026-04-28T00:00:00+00:00,0.0,0.0005,0,-0.0000,not_checked
7,0xbc54e69667ceb6ccec538e5a0ba1927fc1fe680f,75478,2026-04,2026-04-28T00:00:00+00:00,1,669661,25 bps decrease,1,1,1,2026-04-27T16:41:06+00:00,2026-04-27T16:41:06+00:00,0,100000.0,0,0,0,100000.0,100000.0,False,2026-04-28T00:00:00+00:00,0.0,0.0005,0,-50.00000,not_checked
7,0xbc54e69667ceb6ccec538e5a0ba1927fc1fe680f,75478,2026-04,2026-04-28T00:00:00+00:00,1,669662,No change,2,2,1,2026-04-27T01:11:30+00:00,2026-04-27T16:41:38+00:00,0,0,0,10000.0,20000.0,30000.0,10000.0,True,2026-04-28T00:00:00+00:00,0.0,0.9985,1,15.00000,not_checked
7,0xbc54e69667ceb6ccec538e5a0ba1927fc1fe680f,75478,2026-04,2026-04-28T00:00:00+00:00,1,669663,25+ bps increase,0,0,0,,,0,0,0,0,0,0,0,False,2026-04-28T00:00:00+00:00,0.0,0.0005,0,-0.0000,not_checked
7,0xbc54e69667ceb6ccec538e5a0ba1927fc1fe680f,75478,2026-04,2026-04-28T00:00:00+00:00,7,669660,50+ bps decrease,0,0,0,,,0,0,0,0,0,0,0,False,2026-04-28T00:00:00+00:00,0.0,0.0005,0,-0.0000,not_checked
7,0xbc54e69667ceb6ccec538e5a0ba1927fc1fe680f,75478,2026-04,2026-04-28T00:00:00+00:00,7,669661,25 bps decrease,205,201,6,2026-04-21T13:41:42+00:00,2026-04-27T16:41:06+00:00,0,519999.216,10000.00,0,0,529999.216,509999.216,True,2026-04-28T00:00:00+00:00,0.0,0.0005,0,-254.9996080,not_checked
7,0xbc54e69667ceb6ccec538e5a0ba1927fc1fe680f,75478,2026-04,2026-04-28T00:00:00+00:00,7,669662,No change,4,4,2,2026-04-26T05:32:56+00:00,2026-04-27T16:41:38+00:00,0,0,0,40000.0,20000.0,60000.0,-20000.0,True,2026-04-28T00:00:00+00:00,0.0,0.9985,1,-30.00000,not_checked
7,0xbc54e69667ceb6ccec538e5a0ba1927fc1fe680f,75478,2026-04,2026-04-28T00:00:00+00:00,7,669663,25+ bps increase,0,0,0,,,0,0,0,0,0,0,0,False,2026-04-28T00:00:00+00:00,0.0,0.0005,0,-0.0000,not_checked
7,0xbc54e69667ceb6ccec538e5a0ba1927fc1fe680f,75478,2026-04,2026-04-28T00:00:00+00:00,30,669660,50+ bps decrease,3,3,2,2026-03-31T06:22:37+00:00,2026-04-16T18:22:40+00:00,0,10000.0,13000.01,0,0,23000.01,-3000.01,True,2026-04-28T00:00:00+00:00,0.0,0.0005,0,1.500005,not_checked
7,0xbc54e69667ceb6ccec538e5a0ba1927fc1fe680f,75478,2026-04,2026-04-28T00:00:00+00:00,30,669661,25 bps decrease,905,871,18,2026-03-30T14:53:55+00:00,2026-04-27T16:41:06+00:00,0,854997.314439,355229.535752,0,0,1210226.850191,499767.778687,True,2026-04-28T00:00:00+00:00,0.0,0.0005,0,-249.8838893435,not_checked
7,0xbc54e69667ceb6ccec538e5a0ba1927fc1fe680f,75478,2026-04,2026-04-28T00:00:00+00:00,30,669662,No change,4,4,2,2026-04-26T05:32:56+00:00,2026-04-27T16:41:38+00:00,0,0,0,40000.0,20000.0,60000.0,-20000.0,True,2026-04-28T00:00:00+00:00,0.0,0.9985,1,-30.00000,not_checked
7,0xbc54e69667ceb6ccec538e5a0ba1927fc1fe680f,75478,2026-04,2026-04-28T00:00:00+00:00,30,669663,25+ bps increase,0,0,0,,,0,0,0,0,0,0,0,False,2026-04-28T00:00:00+00:00,0.0,0.0005,0,-0.0000,not_checked
12,0xa8b7f8b34185e9cc62c471e1d353595148a3ee3c,21255,2025-07,2025-07-29T12:00:00+00:00,1,528972,50+ bps decrease,0,0,0,,,0,0,0,0,0,0,0,False,2025-07-29T00:00:00+00:00,12.0,0.0045,0,-0.0000,not_checked
12,0xa8b7f8b34185e9cc62c471e1d353595148a3ee3c,21255,2025-07,2025-07-29T12:00:00+00:00,1,528973,25 bps decrease,0,0,0,,,0,0,0,0,0,0,0,False,2025-07-29T00:00:00+00:00,12.0,0.0325,0,-0.0000,not_checked
12,0xa8b7f8b34185e9cc62c471e1d353595148a3ee3c,21255,2025-07,2025-07-29T12:00:00+00:00,1,528974,No change,0,0,0,,,0,0,0,0,0,0,0,False,2025-07-29T00:00:00+00:00,12.0,0.9635,1,0.0000,not_checked
12,0xa8b7f8b34185e9cc62c471e1d353595148a3ee3c,21255,2025-07,2025-07-29T12:00:00+00:00,1,528975,25+ bps increase,0,0,0,,,0,0,0,0,0,0,0,False,2025-07-29T00:00:00+00:00,12.0,0.0005,0,-0.0000,not_checked
12,0xa8b7f8b34185e9cc62c471e1d353595148a3ee3c,21255,2025-07,2025-07-29T12:00:00+00:00,7,528972,50+ bps decrease,0,0,0,,,0,0,0,0,0,0,0,False,2025-07-29T00:00:00+00:00,12.0,0.0045,0,-0.0000,not_checked
12,0xa8b7f8b34185e9cc62c471e1d353595148a3ee3c,21255,2025-07,2025-07-29T12:00:00+00:00,7,528973,25 bps decrease,0,0,0,,,0,0,0,0,0,0,0,False,2025-07-29T00:00:00+00:00,12.0,0.0325,0,-0.0000,not_checked
12,0xa8b7f8b34185e9cc62c471e1d353595148a3ee3c,21255,2025-07,2025-07-29T12:00:00+00:00,7,528974,No change,0,0,0,,,0,0,0,0,0,0,0,False,2025-07-29T00:00:00+00:00,12.0,0.9635,1,0.0000,not_checked
12,0xa8b7f8b34185e9cc62c471e1d353595148a3ee3c,21255,2025-07,2025-07-29T12:00:00+00:00,7,528975,25+ bps increase,0,0,0,,,0,0,0,0,0,0,0,False,2025-07-29T00:00:00+00:00,12.0,0.0005,0,-0.0000,not_checked
12,0xa8b7f8b34185e9cc62c471e1d353595148a3ee3c,21255,2025-07,2025-07-29T12:00:00+00:00,30,528972,50+ bps decrease,0,0,0,,,0,0,0,0,0,0,0,False,2025-07-29T00:00:00+00:00,12.0,0.0045,0,-0.0000,not_checked
12,0xa8b7f8b34185e9cc62c471e1d353595148a3ee3c,21255,2025-07,2025-07-29T12:00:00+00:00,30,528973,25 bps decrease,2,2,2,2025-07-05T09:19:22+00:00,2025-07-06T04:15:55+00:00,0,222.0,222.0,0,0,444.0,0.0,True,2025-07-29T00:00:00+00:00,12.0,0.0325,0,-0.00000,not_checked
12,0xa8b7f8b34185e9cc62c471e1d353595148a3ee3c,21255,2025-07,2025-07-29T12:00:00+00:00,30,528974,No change,5,5,3,2025-07-04T08:11:43+00:00,2025-07-06T16:43:17+00:00,0,444.0,0,666.0,222.0,1332.0,0.0,True,2025-07-29T00:00:00+00:00,12.0,0.9635,1,0.00000,not_checked
12,0xa8b7f8b34185e9cc62c471e1d353595148a3ee3c,21255,2025-07,2025-07-29T12:00:00+00:00,30,528975,25+ bps increase,0,0,0,,,0,0,0,0,0,0,0,False,2025-07-29T00:00:00+00:00,12.0,0.0005,0,-0.0000,not_checked
12,0xa8b7f8b34185e9cc62c471e1d353595148a3ee3c,24087,2025-09,2025-09-16T12:00:00+00:00,1,542537,50+ bps decrease,0,0,0,,,0,0,0,0,0,0,0,False,2025-09-16T00:00:00+00:00,12.0,0.068,0,-0.000,not_checked
12,0xa8b7f8b34185e9cc62c471e1d353595148a3ee3c,24087,2025-09,2025-09-16T12:00:00+00:00,1,542538,25 bps decrease,1,1,1,2025-09-15T14:50:22+00:00,2025-09-15T14:50:22+00:00,0,0,400.0,0,0,400.0,-400.0,False,2025-09-16T00:00:00+00:00,12.0,0.905,1,-38.0000,not_checked
12,0xa8b7f8b34185e9cc62c471e1d353595148a3ee3c,24087,2025-09,2025-09-16T12:00:00+00:00,1,542539,No change,0,0,0,,,0,0,0,0,0,0,0,False,2025-09-16T00:00:00+00:00,12.0,0.024,0,-0.000,not_checked
12,0xa8b7f8b34185e9cc62c471e1d353595148a3ee3c,24087,2025-09,2025-09-16T12:00:00+00:00,1,542540,25+ bps increase,0,0,0,,,0,0,0,0,0,0,0,False,2025-09-16T00:00:00+00:00,12.0,0.0015,0,-0.0000,not_checked
12,0xa8b7f8b34185e9cc62c471e1d353595148a3ee3c,24087,2025-09,2025-09-16T12:00:00+00:00,7,542537,50+ bps decrease,40,39,3,2025-09-13T02:42:03+00:00,2025-09-15T04:55:40+00:00,0,1273.00,991.585878,1790.00,1608.601243,5663.187121,100.015365,True,2025-09-16T00:00:00+00:00,12.0,0.068,0,-6.801044820,not_checked
12,0xa8b7f8b34185e9cc62c471e1d353595148a3ee3c,24087,2025-09,2025-09-16T12:00:00+00:00,7,542538,25 bps decrease,20,20,3,2025-09-13T00:47:55+00:00,2025-09-15T14:50:22+00:00,0,930.00,930.0,960.0,959.992221,3779.992221,-0.007779,True,2025-09-16T00:00:00+00:00,12.0,0.905,1,-0.000739005,not_checked
12,0xa8b7f8b34185e9cc62c471e1d353595148a3ee3c,24087,2025-09,2025-09-16T12:00:00+00:00,7,542539,No change,13,13,2,2025-09-13T02:42:31+00:00,2025-09-14T08:09:52+00:00,0,0,0,1340.0,1339.991123,2679.991123,-0.008877,True,2025-09-16T00:00:00+00:00,12.0,0.024,0,0.000213048,not_checked
12,0xa8b7f8b34185e9cc62c471e1d353595148a3ee3c,24087,2025-09,2025-09-16T12:00:00+00:00,7,542540,25+ bps increase,6,6,2,2025-09-13T20:37:34+00:00,2025-09-14T07:06:52+00:00,0,299.994,299.99,0,0,599.984,0.004,True,2025-09-16T00:00:00+00:00,12.0,0.0015,0,-0.0000060,not_checked
12,0xa8b7f8b34185e9cc62c471e1d353595148a3ee3c,24087,2025-09,2025-09-16T12:00:00+00:00,30,542537,50+ bps decrease,54,53,6,2025-08-17T16:53:32+00:00,2025-09-15T04:55:40+00:00,0,1273.00,1657.585878,3339.990554,3158.591243,9429.167675,-565.985189,True,2025-09-16T00:00:00+00:00,12.0,0.068,0,38.486992852,not_checked
12,0xa8b7f8b34185e9cc62c471e1d353595148a3ee3c,24087,2025-09,2025-09-16T12:00:00+00:00,30,542538,25 bps decrease,25,23,4,2025-08-17T16:57:32+00:00,2025-09-15T14:50:22+00:00,0,930.00,930.0,960.0,2162.992221,4982.992221,1202.992221,True,2025-09-16T00:00:00+00:00,12.0,0.905,1,114.284260995,not_checked
12,0xa8b7f8b34185e9cc62c471e1d353595148a3ee3c,24087,2025-09,2025-09-16T12:00:00+00:00,30,542539,No change,17,17,4,2025-08-17T16:27:30+00:00,2025-09-14T08:09:52+00:00,0,0,1800.21,1676.0,1675.991123,5152.201123,-1800.218877,True,2025-09-16T00:00:00+00:00,12.0,0.024,0,43.205253048,not_checked
12,0xa8b7f8b34185e9cc62c471e1d353595148a3ee3c,24087,2025-09,2025-09-16T12:00:00+00:00,30,542540,25+ bps increase,6,6,2,2025-09-13T20:37:34+00:00,2025-09-14T07:06:52+00:00,0,299.994,299.99,0,0,599.984,0.004,True,2025-09-16T00:00:00+00:00,12.0,0.0015,0,-0.0000060,not_checked
12,0xa8b7f8b34185e9cc62c471e1d353595148a3ee3c,27824,2025-10,2025-10-28T12:00:00+00:00,1,553810,50+ bps decrease,0,0,0,,,0,0,0,0,0,0,0,False,2025-10-28T00:00:00+00:00,12.0,0.0045,0,-0.0000,not_checked
12,0xa8b7f8b34185e9cc62c471e1d353595148a3ee3c,27824,2025-10,2025-10-28T12:00:00+00:00,1,553811,25 bps decrease,8,7,1,2025-10-27T13:58:01+00:00,2025-10-27T21:52:45+00:00,0,300.0,0,4300.0,1200.0,5800.0,-2800.0,True,2025-10-28T00:00:00+00:00,12.0,0.9845,1,-43.40000,not_checked
12,0xa8b7f8b34185e9cc62c471e1d353595148a3ee3c,27824,2025-10,2025-10-28T12:00:00+00:00,1,553812,No change,4,4,2,2025-10-27T14:08:37+00:00,2025-10-28T03:38:07+00:00,0,0,0,1500.0,299.99,1799.99,-1200.01,True,2025-10-28T00:00:00+00:00,12.0,0.0115,0,13.800115,not_checked
12,0xa8b7f8b34185e9cc62c471e1d353595148a3ee3c,27824,2025-10,2025-10-28T12:00:00+00:00,1,553813,25+ bps increase,0,0,0,,,0,0,0,0,0,0,0,False,2025-10-28T00:00:00+00:00,12.0,0.0005,0,-0.0000,not_checked
12,0xa8b7f8b34185e9cc62c471e1d353595148a3ee3c,27824,2025-10,2025-10-28T12:00:00+00:00,7,553810,50+ bps decrease,0,0,0,,,0,0,0,0,0,0,0,False,2025-10-28T00:00:00+00:00,12.0,0.0045,0,-0.0000,not_checked
12,0xa8b7f8b34185e9cc62c471e1d353595148a3ee3c,27824,2025-10,2025-10-28T12:00:00+00:00,7,553811,25 bps decrease,29,27,4,2025-10-23T03:03:07+00:00,2025-10-27T21:52:45+00:00,0,300.0,0,6699.991513,3400.000486,10399.991999,-2999.991027,True,2025-10-28T00:00:00+00:00,12.0,0.9845,1,-46.4998609185,not_checked
12,0xa8b7f8b34185e9cc62c471e1d353595148a3ee3c,27824,2025-10,2025-10-28T12:00:00+00:00,7,553812,No change,16,12,4,2025-10-23T04:25:45+00:00,2025-10-28T03:38:07+00:00,0,999.993666,649.99,1900.0,299.99,3849.973666,-1250.006334,True,2025-10-28T00:00:00+00:00,12.0,0.0115,0,14.3750728410,not_checked
12,0xa8b7f8b34185e9cc62c471e1d353595148a3ee3c,27824,2025-10,2025-10-28T12:00:00+00:00,7,553813,25+ bps increase,0,0,0,,,0,0,0,0,0,0,0,False,2025-10-28T00:00:00+00:00,12.0,0.0005,0,-0.0000,not_checked
12,0xa8b7f8b34185e9cc62c471e1d353595148a3ee3c,27824,2025-10,2025-10-28T12:00:00+00:00,30,553810,50+ bps decrease,0,0,0,,,0,0,0,0,0,0,0,False,2025-10-28T00:00:00+00:00,12.0,0.0045,0,-0.0000,not_checked
12,0xa8b7f8b34185e9cc62c471e1d353595148a3ee3c,27824,2025-10,2025-10-28T12:00:00+00:00,30,553811,25 bps decrease,32,29,5,2025-09-29T14:10:33+00:00,2025-10-27T21:52:45+00:00,0,600.0,0,6699.991513,4199.960486,11499.951999,-1900.031027,True,2025-10-28T00:00:00+00:00,12.0,0.9845,1,-29.4504809185,not_checked
12,0xa8b7f8b34185e9cc62c471e1d353595148a3ee3c,27824,2025-10,2025-10-28T12:00:00+00:00,30,553812,No change,20,16,6,2025-09-28T12:32:27+00:00,2025-10-28T03:38:07+00:00,0,1249.993666,649.99,2042.25,765.99,4708.223666,-676.256334,True,2025-10-28T00:00:00+00:00,12.0,0.0115,0,7.7769478410,not_checked
12,0xa8b7f8b34185e9cc62c471e1d353595148a3ee3c,27824,2025-10,2025-10-28T12:00:00+00:00,30,553813,25+ bps increase,0,0,0,,,0,0,0,0,0,0,0,False,2025-10-28T00:00:00+00:00,12.0,0.0005,0,-0.0000,not_checked
12,0xa8b7f8b34185e9cc62c471e1d353595148a3ee3c,35090,2025-12,2025-12-09T00:00:00+00:00,1,570360,50+ bps decrease,0,0,0,,,0,0,0,0,0,0,0,False,2025-12-09T00:00:00+00:00,0.0,0.008,0,-0.000,not_checked
12,0xa8b7f8b34185e9cc62c471e1d353595148a3ee3c,35090,2025-12,2025-12-09T00:00:00+00:00,1,570361,25 bps decrease,13,13,1,2025-12-08T00:03:03+00:00,2025-12-08T15:47:17+00:00,0,0,0,3549.99314,3102.99,6652.98314,-447.00314,True,2025-12-09T00:00:00+00:00,0.0,0.935,1,-29.05520410,not_checked
12,0xa8b7f8b34185e9cc62c471e1d353595148a3ee3c,35090,2025-12,2025-12-09T00:00:00+00:00,1,570362,No change,17,15,1,2025-12-08T11:17:43+00:00,2025-12-08T22:21:11+00:00,0,2242.32,2242.32,1221.995713,222.0,5928.635713,-999.995713,True,2025-12-09T00:00:00+00:00,0.0,0.055,0,54.999764215,not_checked
12,0xa8b7f8b34185e9cc62c471e1d353595148a3ee3c,35090,2025-12,2025-12-09T00:00:00+00:00,1,570363,25+ bps increase,0,0,0,,,0,0,0,0,0,0,0,False,2025-12-09T00:00:00+00:00,0.0,0.0005,0,-0.0000,not_checked
12,0xa8b7f8b34185e9cc62c471e1d353595148a3ee3c,35090,2025-12,2025-12-09T00:00:00+00:00,7,570360,50+ bps decrease,0,0,0,,,0,0,0,0,0,0,0,False,2025-12-09T00:00:00+00:00,0.0,0.008,0,-0.000,not_checked
12,0xa8b7f8b34185e9cc62c471e1d353595148a3ee3c,35090,2025-12,2025-12-09T00:00:00+00:00,7,570361,25 bps decrease,108,95,7,2025-12-02T01:57:48+00:00,2025-12-08T15:47:17+00:00,2,3816.995,3319.99,12404.858813,12339.88,31881.723813,432.026187,True,2025-12-09T00:00:00+00:00,0.0,0.935,1,28.081702155,not_checked
12,0xa8b7f8b34185e9cc62c471e1d353595148a3ee3c,35090,2025-12,2025-12-09T00:00:00+00:00,7,570362,No change,89,61,7,2025-12-02T14:01:28+00:00,2025-12-08T22:21:11+00:00,9,14990.314469,14490.31,5140.995713,3641.0,38262.620182,-999.991244,True,2025-12-09T00:00:00+00:00,0.0,0.055,0,54.999518420,not_checked
12,0xa8b7f8b34185e9cc62c471e1d353595148a3ee3c,35090,2025-12,2025-12-09T00:00:00+00:00,7,570363,25+ bps increase,0,0,0,,,0,0,0,0,0,0,0,False,2025-12-09T00:00:00+00:00,0.0,0.0005,0,-0.0000,not_checked
12,0xa8b7f8b34185e9cc62c471e1d353595148a3ee3c,35090,2025-12,2025-12-09T00:00:00+00:00,30,570360,50+ bps decrease,0,0,0,,,0,0,0,0,0,0,0,False,2025-12-09T00:00:00+00:00,0.0,0.008,0,-0.000,not_checked
12,0xa8b7f8b34185e9cc62c471e1d353595148a3ee3c,35090,2025-12,2025-12-09T00:00:00+00:00,30,570361,25 bps decrease,188,167,18,2025-11-09T02:10:07+00:00,2025-12-08T15:47:17+00:00,4,3816.995,3319.99,27414.576024,26867.550640,61419.111664,-50.020384,True,2025-12-09T00:00:00+00:00,0.0,0.935,1,-3.251324960,not_checked
12,0xa8b7f8b34185e9cc62c471e1d353595148a3ee3c,35090,2025-12,2025-12-09T00:00:00+00:00,30,570362,No change,160,126,17,2025-11-09T12:03:37+00:00,2025-12-08T22:21:11+00:00,9,23729.403246,24529.390043,5140.995713,3641.0,57040.789002,-2299.982510,True,2025-12-09T00:00:00+00:00,0.0,0.055,0,126.499038050,not_checked
12,0xa8b7f8b34185e9cc62c471e1d353595148a3ee3c,35090,2025-12,2025-12-09T00:00:00+00:00,30,570363,25+ bps increase,0,0,0,,,0,0,0,0,0,0,0,False,2025-12-09T00:00:00+00:00,0.0,0.0005,0,-0.0000,not_checked
12,0xa8b7f8b34185e9cc62c471e1d353595148a3ee3c,45883,2026-01,2026-01-27T00:00:00+00:00,1,601697,50+ bps decrease,0,0,0,,,0,0,0,0,0,0,0,False,2026-01-27T00:00:00+00:00,0.0,0.0005,0,-0.0000,not_checked
12,0xa8b7f8b34185e9cc62c471e1d353595148a3ee3c,45883,2026-01,2026-01-27T00:00:00+00:00,1,601698,25 bps decrease,0,0,0,,,0,0,0,0,0,0,0,False,2026-01-27T00:00:00+00:00,0.0,0.0075,0,-0.0000,not_checked
12,0xa8b7f8b34185e9cc62c471e1d353595148a3ee3c,45883,2026-01,2026-01-27T00:00:00+00:00,1,601699,No change,0,0,0,,,0,0,0,0,0,0,0,False,2026-01-27T00:00:00+00:00,0.0,0.988,1,0.000,not_checked
12,0xa8b7f8b34185e9cc62c471e1d353595148a3ee3c,45883,2026-01,2026-01-27T00:00:00+00:00,1,601700,25+ bps increase,0,0,0,,,0,0,0,0,0,0,0,False,2026-01-27T00:00:00+00:00,0.0,0.0015,0,-0.0000,not_checked
12,0xa8b7f8b34185e9cc62c471e1d353595148a3ee3c,45883,2026-01,2026-01-27T00:00:00+00:00,7,601697,50+ bps decrease,0,0,0,,,0,0,0,0,0,0,0,False,2026-01-27T00:00:00+00:00,0.0,0.0005,0,-0.0000,not_checked
12,0xa8b7f8b34185e9cc62c471e1d353595148a3ee3c,45883,2026-01,2026-01-27T00:00:00+00:00,7,601698,25 bps decrease,0,0,0,,,0,0,0,0,0,0,0,False,2026-01-27T00:00:00+00:00,0.0,0.0075,0,-0.0000,not_checked
12,0xa8b7f8b34185e9cc62c471e1d353595148a3ee3c,45883,2026-01,2026-01-27T00:00:00+00:00,7,601699,No change,4,4,2,2026-01-20T09:20:06+00:00,2026-01-21T18:11:56+00:00,0,0,0,400.0,355.51,755.51,-44.49,True,2026-01-27T00:00:00+00:00,0.0,0.988,1,-0.53388,not_checked
12,0xa8b7f8b34185e9cc62c471e1d353595148a3ee3c,45883,2026-01,2026-01-27T00:00:00+00:00,7,601700,25+ bps increase,0,0,0,,,0,0,0,0,0,0,0,False,2026-01-27T00:00:00+00:00,0.0,0.0015,0,-0.0000,not_checked
12,0xa8b7f8b34185e9cc62c471e1d353595148a3ee3c,45883,2026-01,2026-01-27T00:00:00+00:00,30,601697,50+ bps decrease,0,0,0,,,0,0,0,0,0,0,0,False,2026-01-27T00:00:00+00:00,0.0,0.0005,0,-0.0000,not_checked
12,0xa8b7f8b34185e9cc62c471e1d353595148a3ee3c,45883,2026-01,2026-01-27T00:00:00+00:00,30,601698,25 bps decrease,233,216,22,2025-12-28T04:52:13+00:00,2026-01-19T17:14:50+00:00,2,24352.942270,17471.795552,18943.119098,13061.026362,73828.883282,999.053982,True,2026-01-27T00:00:00+00:00,0.0,0.0075,0,-7.4929048650,not_checked
12,0xa8b7f8b34185e9cc62c471e1d353595148a3ee3c,45883,2026-01,2026-01-27T00:00:00+00:00,30,601699,No change,204,185,16,2025-12-28T05:03:53+00:00,2026-01-21T18:11:56+00:00,0,4429.969084,2709.96,24722.549150,23758.059997,55620.538231,755.519931,True,2026-01-27T00:00:00+00:00,0.0,0.988,1,9.066239172,not_checked
12,0xa8b7f8b34185e9cc62c471e1d353595148a3ee3c,45883,2026-01,2026-01-27T00:00:00+00:00,30,601700,25+ bps increase,0,0,0,,,0,0,0,0,0,0,0,False,2026-01-27T00:00:00+00:00,0.0,0.0015,0,-0.0000,not_checked
12,0xa8b7f8b34185e9cc62c471e1d353595148a3ee3c,67284,2026-03,2026-03-17T00:00:00+00:00,1,654412,50+ bps decrease,0,0,0,,,0,0,0,0,0,0,0,False,2026-03-17T00:00:00+00:00,0.0,0.0005,0,-0.0000,not_checked
12,0xa8b7f8b34185e9cc62c471e1d353595148a3ee3c,67284,2026-03,2026-03-17T00:00:00+00:00,1,654413,25 bps decrease,0,0,0,,,0,0,0,0,0,0,0,False,2026-03-17T00:00:00+00:00,0.0,0.0035,0,-0.0000,not_checked
12,0xa8b7f8b34185e9cc62c471e1d353595148a3ee3c,67284,2026-03,2026-03-17T00:00:00+00:00,1,654414,No change,0,0,0,,,0,0,0,0,0,0,0,False,2026-03-17T00:00:00+00:00,0.0,0.9945,1,0.0000,not_checked
12,0xa8b7f8b34185e9cc62c471e1d353595148a3ee3c,67284,2026-03,2026-03-17T00:00:00+00:00,1,654415,25+ bps increase,0,0,0,,,0,0,0,0,0,0,0,False,2026-03-17T00:00:00+00:00,0.0,0.0005,0,-0.0000,not_checked
12,0xa8b7f8b34185e9cc62c471e1d353595148a3ee3c,67284,2026-03,2026-03-17T00:00:00+00:00,7,654412,50+ bps decrease,0,0,0,,,0,0,0,0,0,0,0,False,2026-03-17T00:00:00+00:00,0.0,0.0005,0,-0.0000,not_checked
12,0xa8b7f8b34185e9cc62c471e1d353595148a3ee3c,67284,2026-03,2026-03-17T00:00:00+00:00,7,654413,25 bps decrease,0,0,0,,,0,0,0,0,0,0,0,False,2026-03-17T00:00:00+00:00,0.0,0.0035,0,-0.0000,not_checked
12,0xa8b7f8b34185e9cc62c471e1d353595148a3ee3c,67284,2026-03,2026-03-17T00:00:00+00:00,7,654414,No change,0,0,0,,,0,0,0,0,0,0,0,False,2026-03-17T00:00:00+00:00,0.0,0.9945,1,0.0000,not_checked
12,0xa8b7f8b34185e9cc62c471e1d353595148a3ee3c,67284,2026-03,2026-03-17T00:00:00+00:00,7,654415,25+ bps increase,0,0,0,,,0,0,0,0,0,0,0,False,2026-03-17T00:00:00+00:00,0.0,0.0005,0,-0.0000,not_checked
12,0xa8b7f8b34185e9cc62c471e1d353595148a3ee3c,67284,2026-03,2026-03-17T00:00:00+00:00,30,654412,50+ bps decrease,0,0,0,,,0,0,0,0,0,0,0,False,2026-03-17T00:00:00+00:00,0.0,0.0005,0,-0.0000,not_checked
12,0xa8b7f8b34185e9cc62c471e1d353595148a3ee3c,67284,2026-03,2026-03-17T00:00:00+00:00,30,654413,25 bps decrease,126,115,9,2026-02-15T02:24:17+00:00,2026-02-24T06:02:56+00:00,2,8219.980119,8219.978991,1829.995713,3469.99,21739.944823,1639.995415,True,2026-03-17T00:00:00+00:00,0.0,0.0035,0,-5.7399839525,not_checked
12,0xa8b7f8b34185e9cc62c471e1d353595148a3ee3c,67284,2026-03,2026-03-17T00:00:00+00:00,30,654414,No change,90,78,6,2026-02-15T16:24:07+00:00,2026-02-22T09:01:54+00:00,6,1588.80,2289.998374,10599.959223,10401.155571,24879.913168,-900.002026,True,2026-03-17T00:00:00+00:00,0.0,0.9945,1,-4.9500111430,not_checked
12,0xa8b7f8b34185e9cc62c471e1d353595148a3ee3c,67284,2026-03,2026-03-17T00:00:00+00:00,30,654415,25+ bps increase,0,0,0,,,0,0,0,0,0,0,0,False,2026-03-17T00:00:00+00:00,0.0,0.0005,0,-0.0000,not_checked
12,0xa8b7f8b34185e9cc62c471e1d353595148a3ee3c,75478,2026-04,2026-04-28T00:00:00+00:00,1,669660,50+ bps decrease,0,0,0,,,0,0,0,0,0,0,0,False,2026-04-28T00:00:00+00:00,0.0,0.0005,0,-0.0000,not_checked
12,0xa8b7f8b34185e9cc62c471e1d353595148a3ee3c,75478,2026-04,2026-04-28T00:00:00+00:00,1,669661,25 bps decrease,0,0,0,,,0,0,0,0,0,0,0,False,2026-04-28T00:00:00+00:00,0.0,0.0005,0,-0.0000,not_checked
12,0xa8b7f8b34185e9cc62c471e1d353595148a3ee3c,75478,2026-04,2026-04-28T00:00:00+00:00,1,669662,No change,0,0,0,,,0,0,0,0,0,0,0,False,2026-04-28T00:00:00+00:00,0.0,0.9985,1,0.0000,not_checked
12,0xa8b7f8b34185e9cc62c471e1d353595148a3ee3c,75478,2026-04,2026-04-28T00:00:00+00:00,1,669663,25+ bps increase,0,0,0,,,0,0,0,0,0,0,0,False,2026-04-28T00:00:00+00:00,0.0,0.0005,0,-0.0000,not_checked
12,0xa8b7f8b34185e9cc62c471e1d353595148a3ee3c,75478,2026-04,2026-04-28T00:00:00+00:00,7,669660,50+ bps decrease,0,0,0,,,0,0,0,0,0,0,0,False,2026-04-28T00:00:00+00:00,0.0,0.0005,0,-0.0000,not_checked
12,0xa8b7f8b34185e9cc62c471e1d353595148a3ee3c,75478,2026-04,2026-04-28T00:00:00+00:00,7,669661,25 bps decrease,0,0,0,,,0,0,0,0,0,0,0,False,2026-04-28T00:00:00+00:00,0.0,0.0005,0,-0.0000,not_checked
12,0xa8b7f8b34185e9cc62c471e1d353595148a3ee3c,75478,2026-04,2026-04-28T00:00:00+00:00,7,669662,No change,0,0,0,,,0,0,0,0,0,0,0,False,2026-04-28T00:00:00+00:00,0.0,0.9985,1,0.0000,not_checked
12,0xa8b7f8b34185e9cc62c471e1d353595148a3ee3c,75478,2026-04,2026-04-28T00:00:00+00:00,7,669663,25+ bps increase,0,0,0,,,0,0,0,0,0,0,0,False,2026-04-28T00:00:00+00:00,0.0,0.0005,0,-0.0000,not_checked
12,0xa8b7f8b34185e9cc62c471e1d353595148a3ee3c,75478,2026-04,2026-04-28T00:00:00+00:00,30,669660,50+ bps decrease,0,0,0,,,0,0,0,0,0,0,0,False,2026-04-28T00:00:00+00:00,0.0,0.0005,0,-0.0000,not_checked
12,0xa8b7f8b34185e9cc62c471e1d353595148a3ee3c,75478,2026-04,2026-04-28T00:00:00+00:00,30,669661,25 bps decrease,0,0,0,,,0,0,0,0,0,0,0,False,2026-04-28T00:00:00+00:00,0.0,0.0005,0,-0.0000,not_checked
12,0xa8b7f8b34185e9cc62c471e1d353595148a3ee3c,75478,2026-04,2026-04-28T00:00:00+00:00,30,669662,No change,1,1,1,2026-03-31T01:06:05+00:00,2026-03-31T01:06:05+00:00,0,0,0,0,500.0,500.0,500.0,False,2026-04-28T00:00:00+00:00,0.0,0.9985,1,0.75000,not_checked
12,0xa8b7f8b34185e9cc62c471e1d353595148a3ee3c,75478,2026-04,2026-04-28T00:00:00+00:00,30,669663,25+ bps increase,0,0,0,,,0,0,0,0,0,0,0,False,2026-04-28T00:00:00+00:00,0.0,0.0005,0,-0.0000,not_checked
