candidate_number,wallet_address,window_days,total_meetings,scored_meetings,abstained_meetings,positive_score_meetings,mean_flow_alignment_score,minimum_flow_alignment_score,maximum_flow_alignment_score,validated_smart_wallet,production_weight_available
3,0xe8dd7741ccb12350957ec71e9ee332e0d1e6ec86,1,7,3,4,1,0.0008305881661143345433949956925921366762733,-0.0007335989699880644901864591300400625264878,0.003804731396816450490569762893669416634831,False,False
3,0xe8dd7741ccb12350957ec71e9ee332e0d1e6ec86,7,7,4,3,1,0.0005801746693206174835752601706035055518418,-0.0008774257654508678777730312590771836023956,0.003851828191910607024812199988497212240411,False,False
3,0xe8dd7741ccb12350957ec71e9ee332e0d1e6ec86,30,7,7,0,4,0.000423474755153631457720007304355878670220,-0.0007777605198351105428670653748050662307596,0.003851828191910607024812199988497212240411,False,False
6,0x21ffd2b7a212a6f277ed3eca1a9f8efcbca90d71,1,7,3,4,0,-0.01243034199904760357793503735258631199633,-0.0365,-9.999875001562480468994137573280333995825E-8,False,False
6,0x21ffd2b7a212a6f277ed3eca1a9f8efcbca90d71,7,7,5,2,2,0.005192204195443265064638281423711142792976,-0.0005511263824146093949401707907028314833097,0.02162185004781922110273348012722136963146,False,False
6,0x21ffd2b7a212a6f277ed3eca1a9f8efcbca90d71,30,7,7,0,3,-0.0003109395326232595843146131813404849572249,-0.002456380500887045919827031669118049877562,0.001278351351681574861367829123439398370836,False,False
7,0xbc54e69667ceb6ccec538e5a0ba1927fc1fe680f,1,7,4,3,2,0.000435142062765283668781102475677289388709,-0.0002692307692307692307692307692307692307692,0.002008503918273646063839660297096672045397,False,False
7,0xbc54e69667ceb6ccec538e5a0ba1927fc1fe680f,7,7,6,1,2,-0.00006998457266950712015400904233626323730627,-0.0004830508249353334733922765077030204053695,0.00009908391082107894826465613401829525912528,False,False
7,0xbc54e69667ceb6ccec538e5a0ba1927fc1fe680f,30,7,7,0,1,-0.0000065615085958997118365970466927002169779,-0.0002152629928382285288815439164197572512249,0.0003152634250681313183146269735204095510318,False,False
12,0xa8b7f8b34185e9cc62c471e1d353595148a3ee3c,1,7,3,4,1,-0.03227754217564042819579199908960686707953,-0.095,0.002062100308245603790108709947899420761447,False,False
12,0xa8b7f8b34185e9cc62c471e1d353595148a3ee3c,7,7,3,4,0,-0.001165202532351800936270318781368153265042,-0.002254376525018806071628524165991385215032,-0.0005345825829365186442385929172164616960814,False,False
12,0xa8b7f8b34185e9cc62c471e1d353595148a3ee3c,30,7,6,1,4,0.00178417236822252480847339490616484706638,-0.001337197567786849378276404557958620816811,0.009718961895878082029360063093651631194597,False,False
